player_id,minutes_played,goals,assists,touches,touches_opposition_box,xg,xa,total_shots,shots_on_target,successful_dribbles,chances_created,tackles,tackles_won,interceptions,recoveries,blocks,clearances,duels_won,duels_lost,dispossessed,web_name,first_name,second_name,position,touches_per_90,xG_per_90,xA_per_90,xG_per_100_touches,xA_per_100_touches,xGI_per_100_touches,shots_per_100_touches,chances_created_per_100_touches
1,180.0,0.0,0.0,68.0,0.0,0.0,0.0,0.0,0.0,0.0,0.0,0.0,0.0,0.0,19.0,0.0,2.0,0.0,0.0,0.0,Raya,David,Raya Martín,Goalkeeper,34.0,0.0,0.0,0.0,0.0,0.0,0.0,0.0
2,0.0,0.0,0.0,0.0,0.0,0.0,0.0,0.0,0.0,0.0,0.0,0.0,0.0,0.0,0.0,0.0,0.0,0.0,0.0,0.0,Arrizabalaga,Kepa,Arrizabalaga Revuelta,Goalkeeper,,,,,,,,
4,180.0,0.0,0.0,157.0,2.0,0.18,0.03,2.0,0.0,0.0,0.0,0.0,2.0,3.0,7.0,0.0,9.0,6.0,10.0,1.0,Gabriel,Gabriel,dos Santos Magalhães,Defender,78.5,0.09,0.015,0.11464968152866241,0.01910828025477707,0.1337579617834395,1.2738853503184715,0.0
7,161.0,0.0,0.0,151.0,4.0,0.13,0.13,2.0,0.0,0.0,1.0,0.0,1.0,1.0,6.0,2.0,2.0,7.0,1.0,0.0,Lewis-Skelly,Myles,Lewis-Skelly,Midfielder,84.40993788819875,0.07267080745341614,0.07267080745341614,0.08609271523178808,0.08609271523178808,0.17218543046357615,1.3245033112582782,0.6622516556291391
8,171.0,0.0,2.0,73.0,3.0,0.15,0.55,2.0,0.0,0.0,2.0,0.0,2.0,1.0,5.0,0.0,5.0,7.0,3.0,1.0,Calafiori,Riccardo,Calafiori,Defender,38.421052631578945,0.07894736842105263,0.2894736842105263,0.2054794520547945,0.7534246575342466,0.9589041095890412,2.73972602739726,2.73972602739726
9,9.0,0.0,0.0,10.0,0.0,0.0,0.0,0.0,0.0,0.0,0.0,0.0,0.0,0.0,0.0,0.0,0.0,0.0,1.0,0.0,Hincapie,Piero,Hincapié,Defender,100.0,0.0,0.0,0.0,0.0,0.0,0.0,0.0
10,180.0,0.0,1.0,153.0,5.0,0.18,0.26,1.0,0.0,0.0,3.0,0.0,2.0,2.0,5.0,0.0,5.0,10.0,4.0,0.0,White,Benjamin,White,Defender,76.5,0.09,0.13,0.1176470588235294,0.16993464052287582,0.2875816993464052,0.6535947712418301,1.9607843137254901
11,169.0,0.0,0.0,135.0,0.0,0.0,0.01,0.0,0.0,0.0,0.0,0.0,0.0,2.0,3.0,0.0,8.0,2.0,5.0,1.0,Mosquera,Cristhian,Mosquera,Defender,71.89349112426035,0.0,0.0053254437869822485,0.0,0.007407407407407408,0.007407407407407408,0.0,0.0
12,158.0,2.0,0.0,126.0,12.0,1.27,0.12,5.0,2.0,0.0,2.0,0.0,3.0,2.0,10.0,0.0,3.0,15.0,8.0,2.0,Saka,Bukayo,Saka,Midfielder,71.77215189873418,0.7234177215189874,0.06835443037974684,1.0079365079365081,0.09523809523809523,1.1031746031746033,3.968253968253968,1.5873015873015872
13,153.0,0.0,0.0,173.0,0.0,0.07,0.18,2.0,0.0,0.0,2.0,0.0,3.0,2.0,10.0,1.0,2.0,4.0,6.0,0.0,Rice,Declan,Rice,Midfielder,101.76470588235294,0.0411764705882353,0.10588235294117646,0.04046242774566474,0.10404624277456646,0.1445086705202312,1.1560693641618496,1.1560693641618496
14,59.0,0.0,0.0,40.0,1.0,0.04,0.07,1.0,0.0,0.0,0.0,0.0,0.0,0.0,5.0,0.0,0.0,5.0,5.0,1.0,Eze,Eberechi,Eze,Midfielder,61.01694915254237,0.061016949152542375,0.10677966101694916,0.1,0.17500000000000002,0.275,2.5,0.0
15,147.0,1.0,0.0,127.0,8.0,0.29,0.17,4.0,1.0,0.0,3.0,0.0,5.0,0.0,5.0,0.0,3.0,6.0,5.0,0.0,Ødegaard,Martin,Ødegaard,Midfielder,77.75510204081633,0.17755102040816323,0.10408163265306122,0.22834645669291337,0.13385826771653545,0.3622047244094488,3.149606299212598,2.3622047244094486
16,22.0,0.0,0.0,21.0,0.0,0.0,0.04,0.0,0.0,0.0,4.0,0.0,0.0,0.0,2.0,0.0,0.0,2.0,1.0,0.0,Madueke,Noni,Madueke,Midfielder,85.9090909090909,0.0,0.16363636363636364,0.0,0.19047619047619047,0.19047619047619047,0.0,19.047619047619047
17,33.0,0.0,0.0,34.0,2.0,0.14,0.02,2.0,1.0,0.0,0.0,0.0,0.0,0.0,6.0,0.0,0.0,7.0,3.0,0.0,Merino,Mikel,Merino Zazón,Midfielder,92.72727272727272,0.38181818181818183,0.05454545454545454,0.411764705882353,0.05882352941176471,0.4705882352941177,5.88235294117647,0.0
19,27.0,0.0,0.0,46.0,0.0,0.0,0.02,0.0,0.0,0.0,0.0,0.0,3.0,0.0,2.0,0.0,0.0,3.0,1.0,0.0,Zubimendi,Martín,Zubimendi Ibáñez,Midfielder,153.33333333333334,0.0,0.06666666666666667,0.0,0.043478260869565216,0.043478260869565216,0.0,0.0
20,0.0,0.0,0.0,0.0,0.0,0.0,0.0,0.0,0.0,0.0,0.0,0.0,0.0,0.0,0.0,0.0,0.0,0.0,0.0,0.0,Dowman,Max,Dowman,Midfielder,,,,,,,,
22,0.0,0.0,0.0,0.0,0.0,0.0,0.0,0.0,0.0,0.0,0.0,0.0,0.0,0.0,0.0,0.0,0.0,0.0,0.0,0.0,Nwaneri,Ethan,Nwaneri,Midfielder,,,,,,,,
25,0.0,0.0,0.0,0.0,0.0,0.0,0.0,0.0,0.0,0.0,0.0,0.0,0.0,0.0,0.0,0.0,0.0,0.0,0.0,0.0,Gyökeres,Viktor,Gyökeres,Forward,,,,,,,,
26,180.0,1.0,0.0,64.0,9.0,0.28,0.06,2.0,2.0,0.0,1.0,0.0,0.0,1.0,5.0,0.0,1.0,8.0,10.0,1.0,Havertz,Kai,Havertz,Forward,32.0,0.14,0.03,0.43750000000000006,0.09375,0.53125,3.125,1.5625
28,90.0,0.0,0.0,49.0,0.0,0.0,0.01,0.0,0.0,0.0,2.0,0.0,0.0,0.0,13.0,0.0,1.0,3.0,0.0,0.0,Martinez,Emiliano,Martínez Romero,Goalkeeper,48.99999999999999,0.0,0.01,0.0,0.020408163265306124,0.020408163265306124,0.0,4.081632653061225
29,90.0,0.0,0.0,38.0,0.0,0.0,0.0,0.0,0.0,0.0,0.0,0.0,0.0,0.0,6.0,0.0,2.0,0.0,0.0,0.0,M.Bizot,Marco,Bizot,Goalkeeper,38.0,0.0,0.0,0.0,0.0,0.0,0.0,0.0
31,11.0,0.0,0.0,11.0,0.0,0.0,0.0,0.0,0.0,0.0,0.0,0.0,0.0,0.0,0.0,0.0,1.0,1.0,1.0,0.0,Konsa,Ezri,Konsa Ngoyo,Defender,90.0,0.0,0.0,0.0,0.0,0.0,0.0,0.0
32,168.0,0.0,0.0,90.0,2.0,0.15,0.01,1.0,0.0,0.0,0.0,0.0,6.0,1.0,1.0,2.0,4.0,10.0,4.0,0.0,Cash,Matty,Cash,Defender,48.214285714285715,0.08035714285714285,0.005357142857142857,0.16666666666666666,0.011111111111111112,0.17777777777777778,1.1111111111111112,0.0
33,16.0,0.0,0.0,1.0,0.0,0.0,0.0,0.0,0.0,0.0,0.0,0.0,1.0,0.0,0.0,0.0,0.0,1.0,0.0,0.0,Mings,Tyrone,Mings,Defender,5.625,0.0,0.0,0.0,0.0,0.0,0.0,0.0
34,164.0,0.0,0.0,94.0,0.0,0.0,0.01,0.0,0.0,0.0,0.0,0.0,1.0,1.0,9.0,0.0,7.0,2.0,6.0,0.0,Pau,Pau,Torres,Defender,51.58536585365853,0.0,0.00548780487804878,0.0,0.010638297872340425,0.010638297872340425,0.0,0.0
35,16.0,0.0,0.0,4.0,0.0,0.0,0.0,0.0,0.0,0.0,0.0,0.0,0.0,0.0,0.0,0.0,1.0,1.0,1.0,0.0,Bogarde,Lamare,Bogarde,Midfielder,22.5,0.0,0.0,0.0,0.0,0.0,0.0,0.0
36,172.0,0.0,0.0,82.0,5.0,0.1,0.0,3.0,0.0,0.0,0.0,0.0,5.0,4.0,4.0,0.0,8.0,5.0,16.0,2.0,Maatsen,Ian,Maatsen,Defender,42.906976744186046,0.05232558139534883,0.0,0.12195121951219512,0.0,0.12195121951219512,3.6585365853658534,0.0
37,180.0,0.0,0.0,85.0,0.0,0.0,0.08,0.0,0.0,0.0,0.0,0.0,1.0,0.0,2.0,0.0,9.0,2.0,6.0,1.0,Lindelöf,Victor,Lindelöf,Defender,42.5,0.0,0.04,0.0,0.09411764705882353,0.09411764705882353,0.0,0.0
40,172.0,1.0,1.0,74.0,12.0,1.1,1.11,6.0,1.0,0.0,9.0,0.0,3.0,0.0,8.0,0.0,1.0,12.0,11.0,2.0,Rogers,Morgan,Rogers,Midfielder,38.72093023255814,0.5755813953488372,0.5808139534883722,1.4864864864864866,1.5000000000000002,2.9864864864864864,8.108108108108109,12.162162162162163
41,176.0,0.0,0.0,82.0,6.0,0.17,0.11,4.0,0.0,0.0,2.0,0.0,2.0,2.0,7.0,0.0,1.0,10.0,16.0,2.0,Buendía,Emiliano,Buendía Stati,Midfielder,41.93181818181818,0.08693181818181818,0.05625,0.20731707317073172,0.13414634146341464,0.34146341463414637,4.878048780487805,2.4390243902439024
42,54.0,0.0,0.0,27.0,0.0,0.03,0.03,1.0,1.0,0.0,0.0,0.0,1.0,0.0,0.0,0.0,1.0,1.0,7.0,2.0,Guessand,Evann,Guessand,Midfielder,45.0,0.05,0.05,0.1111111111111111,0.1111111111111111,0.2222222222222222,3.7037037037037033,0.0
43,157.0,0.0,0.0,174.0,4.0,0.51,0.22,4.0,2.0,0.0,4.0,0.0,2.0,2.0,12.0,0.0,2.0,10.0,5.0,0.0,Tielemans,Youri,Tielemans,Midfielder,99.7452229299363,0.29235668789808916,0.12611464968152866,0.2931034482758621,0.1264367816091954,0.41954022988505746,2.2988505747126435,2.2988505747126435
45,172.0,0.0,0.0,79.0,4.0,0.09,0.060000000000000005,3.0,0.0,0.0,1.0,0.0,2.0,2.0,5.0,0.0,1.0,10.0,14.0,4.0,McGinn,John,McGinn,Midfielder,41.33720930232558,0.047093023255813944,0.031395348837209305,0.1139240506329114,0.07594936708860761,0.18987341772151897,3.79746835443038,1.2658227848101267
46,152.0,0.0,0.0,85.0,1.0,0.13,0.04,2.0,0.0,0.0,4.0,0.0,3.0,0.0,6.0,1.0,1.0,10.0,8.0,4.0,Barkley,Ross,Barkley,Midfielder,50.328947368421055,0.07697368421052632,0.02368421052631579,0.15294117647058825,0.047058823529411764,0.2,2.3529411764705883,4.705882352941177
47,180.0,0.0,0.0,92.0,0.0,0.0,0.03,0.0,0.0,0.0,1.0,0.0,3.0,1.0,6.0,1.0,4.0,8.0,11.0,4.0,Kamara,Boubacar,Kamara,Midfielder,46.0,0.0,0.015,0.0,0.03260869565217391,0.03260869565217391,0.0,1.0869565217391304
50,0.0,0.0,0.0,0.0,0.0,0.0,0.0,0.0,0.0,0.0,0.0,0.0,0.0,0.0,0.0,0.0,0.0,0.0,0.0,0.0,Burrowes,Bradley,Burrowes,Midfielder,,,,,,,,
51,161.0,0.0,0.0,45.0,1.0,0.0,0.01,0.0,0.0,0.0,1.0,0.0,5.0,0.0,6.0,0.0,0.0,9.0,10.0,3.0,George Hemmings,George,Hemmings,Midfielder,25.15527950310559,0.0,0.0055900621118012426,0.0,0.022222222222222223,0.022222222222222223,0.0,2.2222222222222223
52,27.0,0.0,0.0,15.0,1.0,0.0,0.0,0.0,0.0,0.0,0.0,0.0,2.0,0.0,2.0,0.0,1.0,2.0,2.0,0.0,Alysson,Alysson Edward Franco,da Rocha dos Santos,Midfielder,50.0,0.0,0.0,0.0,0.0,0.0,0.0,0.0
54,40.0,0.0,0.0,25.0,0.0,0.0,0.01,0.0,0.0,0.0,1.0,0.0,4.0,0.0,2.0,0.0,1.0,6.0,5.0,1.0,Gomes,Joao,Gomes,Midfielder,56.25,0.0,0.0225,0.0,0.04,0.04,0.0,4.0
56,19.0,0.0,0.0,1.0,0.0,0.0,0.0,0.0,0.0,0.0,0.0,0.0,0.0,0.0,0.0,0.0,0.0,1.0,1.0,0.0,Abraham,Tammy,Abraham,Forward,4.7368421052631575,0.0,0.0,0.0,0.0,0.0,0.0,0.0
57,180.0,0.0,0.0,101.0,0.0,0.0,0.0,0.0,0.0,0.0,0.0,0.0,0.0,0.0,13.0,0.0,5.0,2.0,0.0,0.0,Petrović,Đorđe,Petrović,Goalkeeper,50.5,0.0,0.0,0.0,0.0,0.0,0.0,0.0
59,0.0,0.0,0.0,0.0,0.0,0.0,0.0,0.0,0.0,0.0,0.0,0.0,0.0,0.0,0.0,0.0,0.0,0.0,0.0,0.0,Dennis,Will,Dennis,Goalkeeper,,,,,,,,
60,180.0,0.0,0.0,137.0,2.0,0.0,0.74,0.0,0.0,0.0,2.0,0.0,4.0,2.0,4.0,0.0,12.0,14.0,7.0,0.0,Hill,James,Hill,Defender,68.5,0.0,0.37000000000000005,0.0,0.5401459854014599,0.5401459854014599,0.0,1.4598540145985401
61,180.0,0.0,0.0,116.0,2.0,0.0,0.07,0.0,0.0,0.0,2.0,0.0,4.0,2.0,13.0,2.0,8.0,9.0,9.0,1.0,Truffert,Adrien,Truffert,Defender,58.00000000000001,0.0,0.035,0.0,0.0603448275862069,0.0603448275862069,0.0,1.7241379310344827
62,0.0,0.0,0.0,0.0,0.0,0.0,0.0,0.0,0.0,0.0,0.0,0.0,0.0,0.0,0.0,0.0,0.0,0.0,0.0,0.0,Diakité,Bafodé,Diakité,Defender,,,,,,,,
64,180.0,0.0,0.0,92.0,0.0,0.0,0.02,0.0,0.0,0.0,1.0,0.0,3.0,3.0,3.0,0.0,5.0,8.0,7.0,0.0,Smith,Adam,Smith,Defender,46.0,0.0,0.01,0.0,0.021739130434782608,0.021739130434782608,0.0,1.0869565217391304
66,0.0,0.0,0.0,0.0,0.0,0.0,0.0,0.0,0.0,0.0,0.0,0.0,0.0,0.0,0.0,0.0,0.0,0.0,0.0,0.0,Soler,Julio,Soler Barreto,Defender,,,,,,,,
67,179.0,0.0,0.0,56.0,5.0,0.44,0.05,6.0,3.0,0.0,1.0,0.0,1.0,1.0,3.0,0.0,1.0,6.0,18.0,2.0,Rayan,Rayan Vitor,Simplício Rocha,Midfielder,28.156424581005588,0.2212290502793296,0.025139664804469275,0.7857142857142858,0.08928571428571429,0.8749999999999999,10.714285714285714,1.7857142857142856
68,180.0,1.0,0.0,124.0,4.0,0.49,0.29,4.0,1.0,0.0,3.0,0.0,6.0,0.0,10.0,0.0,3.0,13.0,11.0,5.0,Tavernier,Marcus,Tavernier,Midfielder,62.0,0.245,0.145,0.39516129032258057,0.23387096774193544,0.6290322580645161,3.225806451612903,2.4193548387096775
69,177.0,1.0,0.0,141.0,2.0,0.26,0.28,2.0,1.0,0.0,2.0,0.0,7.0,2.0,15.0,0.0,2.0,13.0,8.0,3.0,Scott,Alex,Scott,Midfielder,71.69491525423729,0.13220338983050847,0.1423728813559322,0.1843971631205674,0.19858156028368795,0.3829787234042553,1.4184397163120568,1.4184397163120568
70,156.0,0.0,0.0,57.0,8.0,0.72,0.05,5.0,3.0,0.0,3.0,0.0,3.0,1.0,10.0,0.0,0.0,8.0,6.0,3.0,Kluivert,Justin,Kluivert,Midfielder,32.88461538461538,0.41538461538461535,0.028846153846153848,1.263157894736842,0.08771929824561403,1.3508771929824561,8.771929824561402,5.263157894736842
71,144.0,0.0,0.0,76.0,0.0,0.0,0.01,0.0,0.0,0.0,1.0,0.0,1.0,2.0,5.0,0.0,1.0,5.0,5.0,3.0,Cook,Lewis,Cook,Midfielder,47.5,0.0,0.00625,0.0,0.013157894736842105,0.013157894736842105,0.0,1.3157894736842104
72,1.0,0.0,0.0,5.0,1.0,0.0,0.0,0.0,0.0,0.0,0.0,0.0,0.0,0.0,1.0,0.0,0.0,0.0,1.0,1.0,Gannon-Doak,Ben,Gannon-Doak,Midfielder,450.0,0.0,0.0,0.0,0.0,0.0,0.0,0.0
73,36.0,0.0,0.0,31.0,0.0,0.0,0.0,0.0,0.0,0.0,0.0,0.0,0.0,3.0,3.0,0.0,0.0,0.0,0.0,0.0,Adams,Tyler,Adams,Midfielder,77.5,0.0,0.0,0.0,0.0,0.0,0.0,0.0
74,9.0,0.0,0.0,10.0,0.0,0.0,0.01,0.0,0.0,0.0,0.0,0.0,0.0,0.0,0.0,0.0,0.0,1.0,1.0,0.0,Brooks,David,Brooks,Midfielder,100.0,0.0,0.1,0.0,0.1,0.1,0.0,0.0
75,3.0,0.0,0.0,8.0,0.0,0.0,0.0,0.0,0.0,0.0,0.0,0.0,1.0,0.0,1.0,0.0,0.0,2.0,0.0,0.0,Christie,Ryan,Christie,Midfielder,240.0,0.0,0.0,0.0,0.0,0.0,0.0,0.0
76,15.0,0.0,0.0,17.0,0.0,0.0,0.0,0.0,0.0,0.0,0.0,0.0,1.0,0.0,1.0,0.0,0.0,1.0,2.0,0.0,Tóth.A,Alex,Tóth,Midfielder,102.0,0.0,0.0,0.0,0.0,0.0,0.0,0.0
79,156.0,0.0,2.0,60.0,5.0,0.58,0.25,3.0,0.0,0.0,3.0,0.0,1.0,4.0,5.0,0.0,1.0,9.0,10.0,2.0,Evanilson,Francisco Evanilson,de Lima Barbosa,Forward,34.61538461538462,0.3346153846153846,0.14423076923076922,0.9666666666666666,0.4166666666666667,1.3833333333333333,5.0,5.0
81,9.0,0.0,0.0,6.0,0.0,0.0,0.0,0.0,0.0,0.0,0.0,0.0,0.0,0.0,1.0,0.0,0.0,2.0,4.0,0.0,Rodríguez,Álvaro,Rodríguez,Forward,60.0,0.0,0.0,0.0,0.0,0.0,0.0,0.0
82,180.0,0.0,0.0,84.0,0.0,0.0,0.01,0.0,0.0,0.0,0.0,0.0,0.0,0.0,9.0,0.0,2.0,0.0,0.0,0.0,Kelleher,Caoimhín,Kelleher,Goalkeeper,42.0,0.0,0.005,0.0,0.011904761904761904,0.011904761904761904,0.0,0.0
83,0.0,0.0,0.0,0.0,0.0,0.0,0.0,0.0,0.0,0.0,0.0,0.0,0.0,0.0,0.0,0.0,0.0,0.0,0.0,0.0,Valdimarsson,Hákon Rafn,Valdimarsson,Goalkeeper,,,,,,,,
84,180.0,0.0,0.0,148.0,10.0,0.51,0.05,5.0,1.0,0.0,2.0,0.0,2.0,2.0,11.0,0.0,12.0,10.0,9.0,0.0,Collins,Nathan,Collins,Defender,74.0,0.255,0.025,0.34459459459459457,0.033783783783783786,0.3783783783783784,3.3783783783783785,1.3513513513513513
86,178.0,1.0,1.0,120.0,1.0,0.79,0.25,3.0,1.0,0.0,3.0,0.0,3.0,2.0,11.0,1.0,4.0,6.0,11.0,1.0,Lewis-Potter,Keane,Lewis-Potter,Midfielder,60.674157303370784,0.399438202247191,0.12640449438202248,0.6583333333333333,0.20833333333333334,0.8666666666666666,2.5,2.5
87,180.0,0.0,0.0,96.0,3.0,0.11,0.03,1.0,1.0,0.0,2.0,0.0,2.0,2.0,5.0,2.0,21.0,13.0,7.0,0.0,Ajer,Kristoffer,Ajer,Defender,48.0,0.055,0.015,0.11458333333333333,0.03125,0.14583333333333334,1.0416666666666665,2.083333333333333
88,164.0,1.0,0.0,93.0,7.0,0.52,0.21,5.0,1.0,0.0,1.0,0.0,1.0,3.0,9.0,1.0,3.0,12.0,10.0,1.0,Kayode,Michael,Kayode,Defender,51.036585365853654,0.2853658536585366,0.1152439024390244,0.5591397849462365,0.2258064516129032,0.7849462365591398,5.376344086021505,1.0752688172043012
89,2.0,0.0,0.0,2.0,0.0,0.0,0.0,0.0,0.0,0.0,0.0,0.0,0.0,0.0,0.0,0.0,0.0,0.0,0.0,0.0,Henry,Rico,Henry,Defender,90.0,0.0,0.0,0.0,0.0,0.0,0.0,0.0
90,16.0,0.0,0.0,20.0,0.0,0.0,0.02,0.0,0.0,0.0,0.0,0.0,1.0,0.0,2.0,0.0,0.0,2.0,2.0,0.0,Hickey,Aaron,Hickey,Defender,112.5,0.0,0.1125,0.0,0.1,0.1,0.0,0.0
91,12.0,0.0,0.0,15.0,0.0,0.0,0.0,0.0,0.0,0.0,0.0,0.0,0.0,0.0,0.0,0.0,2.0,2.0,1.0,0.0,Pinnock,Ethan,Pinnock,Defender,112.5,0.0,0.0,0.0,0.0,0.0,0.0,0.0
93,0.0,0.0,0.0,0.0,0.0,0.0,0.0,0.0,0.0,0.0,0.0,0.0,0.0,0.0,0.0,0.0,0.0,0.0,0.0,0.0,Schuster,Jannik,Schuster,Defender,,,,,,,,
94,178.0,1.0,0.0,87.0,15.0,0.77,0.03,8.0,3.0,0.0,2.0,0.0,5.0,0.0,9.0,1.0,3.0,15.0,12.0,5.0,Schade,Kevin,Schade,Midfielder,43.98876404494382,0.38932584269662923,0.015168539325842697,0.8850574712643678,0.034482758620689655,0.9195402298850575,9.195402298850574,2.2988505747126435
95,96.0,0.0,0.0,48.0,6.0,0.07,0.37,3.0,0.0,0.0,3.0,0.0,1.0,2.0,7.0,0.0,3.0,11.0,10.0,1.0,O.Dango,Dango,Ouattara,Midfielder,45.0,0.065625,0.346875,0.14583333333333334,0.7708333333333334,0.9166666666666666,6.25,6.25
96,83.0,0.0,0.0,78.0,4.0,0.03,0.24,2.0,1.0,0.0,4.0,0.0,3.0,1.0,8.0,0.0,1.0,4.0,6.0,2.0,Damsgaard,Mikkel,Damsgaard,Midfielder,84.57831325301206,0.03253012048192771,0.26024096385542167,0.038461538461538464,0.3076923076923077,0.34615384615384615,2.564102564102564,5.128205128205128
97,67.0,0.0,0.0,41.0,2.0,0.08,0.34,2.0,1.0,0.0,3.0,0.0,2.0,0.0,3.0,0.0,0.0,2.0,6.0,1.0,Jensen,Mathias,Jensen,Midfielder,55.07462686567164,0.10746268656716418,0.4567164179104478,0.1951219512195122,0.8292682926829269,1.024390243902439,4.878048780487805,7.317073170731707
98,180.0,1.0,0.0,127.0,5.0,0.39,0.31000000000000005,2.0,1.0,0.0,4.0,0.0,7.0,8.0,5.0,1.0,2.0,10.0,11.0,3.0,Janelt,Vitaly,Janelt,Midfielder,63.50000000000001,0.19499999999999998,0.15500000000000003,0.30708661417322836,0.24409448818897644,0.5511811023622049,1.574803149606299,3.149606299212598
100,0.0,0.0,0.0,0.0,0.0,0.0,0.0,0.0,0.0,0.0,0.0,0.0,0.0,0.0,0.0,0.0,0.0,0.0,0.0,0.0,Carvalho,Fábio,Freitas Gouveia Carvalho,Midfielder,,,,,,,,
102,44.0,0.0,0.0,34.0,3.0,0.04,0.01,1.0,0.0,0.0,1.0,0.0,2.0,1.0,3.0,0.0,0.0,3.0,2.0,2.0,Yarmoliuk,Yehor,Yarmoliuk,Midfielder,69.54545454545455,0.08181818181818182,0.020454545454545454,0.11764705882352942,0.029411764705882356,0.14705882352941177,2.941176470588235,2.941176470588235
104,90.0,0.0,0.0,29.0,0.0,0.0,0.01,0.0,0.0,0.0,0.0,0.0,1.0,3.0,5.0,0.0,0.0,2.0,4.0,0.0,Onyeka,Frank,Onyeka,Midfielder,29.000000000000004,0.0,0.01,0.0,0.034482758620689655,0.034482758620689655,0.0,0.0
105,84.0,0.0,0.0,45.0,5.0,0.14,0.41,3.0,0.0,0.0,5.0,0.0,2.0,0.0,7.0,0.0,0.0,5.0,5.0,0.0,Anthony,Jaidon,Anthony,Midfielder,48.214285714285715,0.15000000000000002,0.4392857142857143,0.3111111111111111,0.911111111111111,1.2222222222222223,6.666666666666667,11.11111111111111
106,173.0,0.0,0.0,69.0,10.0,1.8,0.09,7.0,2.0,0.0,0.0,0.0,1.0,0.0,7.0,1.0,0.0,8.0,16.0,3.0,Thiago,Igor Thiago,Nascimento Rodrigues,Forward,35.895953757225435,0.9364161849710982,0.04682080924855491,2.608695652173913,0.13043478260869565,2.739130434782609,10.144927536231885,0.0
108,9.0,0.0,0.0,8.0,3.0,0.07,0.04,2.0,0.0,0.0,1.0,0.0,0.0,0.0,1.0,0.0,0.0,1.0,2.0,1.0,Wilson,Callum,Wilson,Forward,80.0,0.7000000000000001,0.4,0.8750000000000001,0.5,1.3750000000000002,25.0,12.5
109,180.0,0.0,0.0,91.0,0.0,0.0,0.0,0.0,0.0,0.0,0.0,0.0,0.0,0.0,18.0,0.0,0.0,0.0,0.0,0.0,Verbruggen,Bart,Verbruggen,Goalkeeper,45.5,0.0,0.0,0.0,0.0,0.0,0.0,0.0
110,180.0,0.0,0.0,109.0,0.0,0.0,0.01,0.0,0.0,0.0,0.0,0.0,0.0,0.0,20.0,0.0,2.0,0.0,0.0,0.0,Rushworth,Carl,Rushworth,Goalkeeper,54.49999999999999,0.0,0.005,0.0,0.009174311926605505,0.009174311926605505,0.0,0.0
111,0.0,0.0,0.0,0.0,0.0,0.0,0.0,0.0,0.0,0.0,0.0,0.0,0.0,0.0,0.0,0.0,0.0,0.0,0.0,0.0,Steele,Jason,Steele,Goalkeeper,,,,,,,,
112,180.0,0.0,0.0,171.0,2.0,0.11,0.06,1.0,1.0,0.0,1.0,0.0,4.0,0.0,7.0,2.0,11.0,12.0,9.0,0.0,Van Hecke,Jan Paul,van Hecke,Defender,85.5,0.055,0.03,0.06432748538011696,0.03508771929824561,0.09941520467836257,0.5847953216374269,0.5847953216374269
113,90.0,0.0,0.0,70.0,2.0,0.02,0.01,1.0,0.0,0.0,1.0,0.0,0.0,0.0,2.0,0.0,0.0,1.0,2.0,0.0,F.Kadıoğlu,Ferdi,Kadıoğlu,Defender,70.0,0.02,0.01,0.028571428571428574,0.014285714285714287,0.04285714285714286,1.4285714285714286,1.4285714285714286
114,180.0,0.0,0.0,176.0,5.0,0.05,0.15,1.0,1.0,0.0,1.0,0.0,1.0,3.0,6.0,1.0,4.0,6.0,9.0,0.0,Boscagli,Olivier,Boscagli,Defender,88.0,0.025,0.075,0.02840909090909091,0.08522727272727272,0.11363636363636365,0.5681818181818182,0.5681818181818182
115,168.0,1.0,0.0,128.0,4.0,1.5,0.26,5.0,1.0,0.0,4.0,0.0,3.0,2.0,6.0,0.0,1.0,3.0,5.0,1.0,De Cuyper,Maxim,De Cuyper,Defender,68.57142857142857,0.8035714285714285,0.1392857142857143,1.171875,0.203125,1.375,3.90625,3.125
116,180.0,0.0,0.0,230.0,0.0,0.0,0.05,0.0,0.0,0.0,0.0,0.0,2.0,1.0,6.0,1.0,1.0,6.0,7.0,0.0,Dunk,Lewis,Dunk,Defender,114.99999999999999,0.0,0.025,0.0,0.021739130434782608,0.021739130434782608,0.0,0.0
119,36.0,0.0,0.0,40.0,1.0,0.12,0.0,2.0,1.0,0.0,0.0,0.0,1.0,1.0,0.0,0.0,2.0,1.0,5.0,3.0,Costinha,João Pedro,Loureiro da Costa,Defender,100.0,0.3,0.0,0.3,0.0,0.3,5.0,0.0
120,0.0,0.0,0.0,0.0,0.0,0.0,0.0,0.0,0.0,0.0,0.0,0.0,0.0,0.0,0.0,0.0,0.0,0.0,0.0,0.0,Svoboda,Michael,Svoboda,Defender,,,,,,,,
123,64.0,2.0,0.0,25.0,5.0,1.41,0.02,3.0,2.0,0.0,1.0,0.0,2.0,0.0,1.0,0.0,0.0,6.0,0.0,0.0,Hinshelwood,Jack,Hinshelwood,Midfielder,35.15625,1.9828124999999999,0.028125,5.64,0.08,5.72,12.0,4.0
124,180.0,1.0,0.0,174.0,8.0,0.05,0.38,1.0,1.0,0.0,6.0,0.0,4.0,0.0,5.0,1.0,1.0,5.0,5.0,0.0,Groß,Pascal,Groß,Midfielder,87.0,0.025,0.19000000000000003,0.028735632183908046,0.21839080459770116,0.24712643678160917,0.5747126436781609,3.4482758620689653
125,90.0,0.0,1.0,30.0,6.0,0.08,0.44,2.0,0.0,0.0,1.0,0.0,2.0,0.0,4.0,0.0,1.0,4.0,5.0,5.0,Georginio,Georginio,Rutter,Forward,30.0,0.08,0.44,0.26666666666666666,1.4666666666666666,1.7333333333333332,6.666666666666667,3.3333333333333335
126,0.0,0.0,0.0,0.0,0.0,0.0,0.0,0.0,0.0,0.0,0.0,0.0,0.0,0.0,0.0,0.0,0.0,0.0,0.0,0.0,O'Riley,Matt,O'Riley,Midfielder,,,,,,,,
127,176.0,0.0,1.0,101.0,13.0,0.56,0.65,8.0,3.0,0.0,3.0,0.0,5.0,2.0,3.0,0.0,1.0,12.0,16.0,6.0,Gomez,Diego,Gómez Amarilla,Midfielder,51.64772727272727,0.2863636363636364,0.33238636363636365,0.5544554455445545,0.6435643564356436,1.198019801980198,7.920792079207921,2.9702970297029703
129,64.0,0.0,0.0,47.0,1.0,0.11,0.03,2.0,0.0,0.0,1.0,0.0,0.0,0.0,3.0,0.0,1.0,1.0,4.0,1.0,Ayari,Yasin,Ayari,Midfielder,66.09375,0.1546875,0.042187499999999996,0.23404255319148937,0.06382978723404255,0.2978723404255319,4.25531914893617,2.127659574468085
130,158.0,0.0,0.0,157.0,3.0,0.12,0.13,2.0,0.0,0.0,2.0,0.0,4.0,6.0,9.0,3.0,2.0,13.0,10.0,3.0,Wieffer,Mats,Wieffer,Defender,89.43037974683544,0.06835443037974684,0.0740506329113924,0.07643312101910828,0.08280254777070063,0.15923566878980894,1.2738853503184715,1.2738853503184715
134,0.0,0.0,0.0,0.0,0.0,0.0,0.0,0.0,0.0,0.0,0.0,0.0,0.0,0.0,0.0,0.0,0.0,0.0,0.0,0.0,Oriola,Nehemiah,Oriola,Midfielder,,,,,,,,
135,12.0,0.0,0.0,11.0,0.0,0.0,0.03,0.0,0.0,0.0,0.0,0.0,0.0,0.0,0.0,0.0,0.0,1.0,3.0,1.0,Yohanna,Zadok,Yohanna,Midfielder,82.5,0.0,0.225,0.0,0.2727272727272727,0.2727272727272727,0.0,0.0
136,0.0,0.0,0.0,0.0,0.0,0.0,0.0,0.0,0.0,0.0,0.0,0.0,0.0,0.0,0.0,0.0,0.0,0.0,0.0,0.0,Welbeck,Danny,Welbeck,Forward,,,,,,,,
138,106.0,0.0,0.0,42.0,4.0,0.35,0.02,3.0,1.0,0.0,1.0,0.0,1.0,0.0,7.0,0.0,0.0,7.0,6.0,2.0,Kostoulas,Charalampos,Kostoulas,Forward,35.66037735849057,0.2971698113207547,0.016981132075471698,0.8333333333333334,0.047619047619047616,0.8809523809523809,7.142857142857142,2.380952380952381
140,90.0,0.0,0.0,39.0,0.0,0.0,0.01,0.0,0.0,0.0,0.0,0.0,0.0,0.0,5.0,0.0,1.0,0.0,0.0,0.0,Sánchez,Robert,Lynch Sánchez,Goalkeeper,39.0,0.0,0.01,0.0,0.02564102564102564,0.02564102564102564,0.0,0.0
142,112.0,0.0,0.0,78.0,2.0,0.1,0.07,2.0,1.0,0.0,1.0,0.0,0.0,2.0,5.0,2.0,2.0,1.0,4.0,2.0,James,Reece,James,Defender,62.67857142857142,0.08035714285714286,0.05625,0.1282051282051282,0.08974358974358976,0.21794871794871798,2.564102564102564,1.282051282051282
144,166.0,0.0,0.0,71.0,3.0,0.0,0.04,0.0,0.0,0.0,0.0,0.0,2.0,2.0,7.0,0.0,4.0,6.0,6.0,2.0,Gusto,Malo,Gusto,Defender,38.493975903614455,0.0,0.021686746987951807,0.0,0.056338028169014086,0.056338028169014086,0.0,0.0
145,68.0,0.0,0.0,24.0,0.0,0.0,0.01,0.0,0.0,0.0,0.0,0.0,0.0,1.0,0.0,1.0,7.0,0.0,0.0,0.0,Fofana,Wesley,Fofana,Defender,31.764705882352942,0.0,0.01323529411764706,0.0,0.04166666666666667,0.04166666666666667,0.0,0.0
148,155.0,0.0,1.0,70.0,4.0,0.01,0.09,1.0,0.0,0.0,3.0,0.0,4.0,1.0,5.0,0.0,4.0,8.0,4.0,1.0,Hato,Jorrel,Hato,Defender,40.64516129032258,0.005806451612903226,0.05225806451612903,0.014285714285714287,0.12857142857142856,0.14285714285714285,1.4285714285714286,4.285714285714286
149,162.0,0.0,0.0,77.0,2.0,0.01,0.03,1.0,0.0,0.0,0.0,0.0,3.0,2.0,5.0,0.0,8.0,9.0,4.0,0.0,Colwill,Levi,Samuels Colwill,Defender,42.77777777777778,0.005555555555555556,0.016666666666666666,0.012987012987012988,0.03896103896103896,0.05194805194805195,1.2987012987012987,0.0
151,112.0,0.0,0.0,77.0,1.0,0.0,0.01,0.0,0.0,0.0,0.0,0.0,6.0,1.0,6.0,2.0,9.0,8.0,7.0,1.0,Acheampong,Josh,Acheampong,Defender,61.875,0.0,0.008035714285714285,0.0,0.012987012987012988,0.012987012987012988,0.0,0.0
153,16.0,0.0,0.0,8.0,0.0,0.0,0.0,0.0,0.0,0.0,0.0,0.0,1.0,0.0,1.0,0.0,0.0,1.0,2.0,0.0,Disasi,Axel,Disasi,Defender,45.0,0.0,0.0,0.0,0.0,0.0,0.0,0.0
154,173.0,2.0,1.0,98.0,13.0,0.9400000000000001,0.32,9.0,3.0,0.0,5.0,0.0,4.0,1.0,11.0,0.0,1.0,13.0,10.0,4.0,Palmer,Cole,Palmer,Midfielder,50.982658959537574,0.4890173410404625,0.16647398843930636,0.9591836734693878,0.326530612244898,1.2857142857142856,9.183673469387756,5.1020408163265305
155,25.0,0.0,0.0,25.0,0.0,0.0,0.02,0.0,0.0,0.0,1.0,0.0,0.0,0.0,3.0,0.0,0.0,1.0,1.0,1.0,Enzo,Enzo,Fernández,Midfielder,90.0,0.0,0.07200000000000001,0.0,0.08,0.08,0.0,4.0
156,82.0,1.0,0.0,37.0,5.0,0.43999999999999995,0.4,3.0,2.0,0.0,2.0,0.0,1.0,1.0,4.0,0.0,2.0,7.0,3.0,0.0,Neto,Pedro,Lomba Neto,Midfielder,40.609756097560975,0.48292682926829267,0.43902439024390244,1.189189189189189,1.0810810810810811,2.27027027027027,8.108108108108109,5.405405405405405
157,7.0,0.0,0.0,5.0,0.0,0.0,0.0,0.0,0.0,0.0,0.0,0.0,0.0,0.0,1.0,0.0,0.0,0.0,2.0,0.0,Estêvão,Estêvão,Almeida de Oliveira Gonçalves,Midfielder,64.28571428571429,0.0,0.0,0.0,0.0,0.0,0.0,0.0
158,0.0,0.0,0.0,0.0,0.0,0.0,0.0,0.0,0.0,0.0,0.0,0.0,0.0,0.0,0.0,0.0,0.0,0.0,0.0,0.0,Gittens,Jamie,Bynoe-Gittens,Midfielder,,,,,,,,
159,14.0,0.0,0.0,2.0,0.0,0.0,0.0,0.0,0.0,0.0,0.0,0.0,0.0,0.0,0.0,0.0,0.0,0.0,0.0,0.0,Caicedo,Moisés,Caicedo Corozo,Midfielder,12.857142857142856,0.0,0.0,0.0,0.0,0.0,0.0,0.0
160,16.0,0.0,0.0,10.0,0.0,0.0,0.0,0.0,0.0,0.0,0.0,0.0,0.0,0.0,2.0,0.0,0.0,0.0,1.0,1.0,Garnacho,Alejandro,Garnacho Ferreyra,Midfielder,56.25,0.0,0.0,0.0,0.0,0.0,0.0,0.0
161,133.0,1.0,0.0,60.0,2.0,0.75,0.03,2.0,2.0,0.0,2.0,0.0,4.0,2.0,7.0,0.0,3.0,6.0,4.0,0.0,Lavia,Roméo,Lavia,Midfielder,40.6015037593985,0.5075187969924811,0.02030075187969925,1.25,0.05,1.3,3.3333333333333335,3.3333333333333335
162,77.0,0.0,0.0,89.0,1.0,0.0,0.23,0.0,0.0,0.0,0.0,0.0,4.0,0.0,7.0,0.0,3.0,8.0,4.0,0.0,Andrey Santos,Andrey,Nascimento dos Santos,Midfielder,104.02597402597404,0.0,0.26883116883116887,0.0,0.25842696629213485,0.25842696629213485,0.0,0.0
164,8.0,0.0,0.0,6.0,1.0,0.0,0.0,0.0,0.0,0.0,0.0,0.0,0.0,0.0,0.0,0.0,1.0,0.0,0.0,0.0,Quenda,Geovany,Quenda,Midfielder,67.5,0.0,0.0,0.0,0.0,0.0,0.0,0.0
165,180.0,2.0,2.0,82.0,17.0,1.8599999999999999,0.1,9.0,3.0,0.0,4.0,0.0,1.0,0.0,4.0,0.0,1.0,17.0,13.0,3.0,João Pedro,João Pedro,Junqueira de Jesus,Forward,41.0,0.9299999999999999,0.05,2.268292682926829,0.12195121951219512,2.3902439024390243,10.975609756097562,4.878048780487805
166,71.0,0.0,0.0,24.0,1.0,0.0,0.1,0.0,0.0,0.0,0.0,0.0,0.0,0.0,3.0,0.0,0.0,4.0,1.0,0.0,N.Jackson,Nicolas,Jackson,Forward,30.422535211267604,0.0,0.1267605633802817,0.0,0.4166666666666667,0.4166666666666667,0.0,0.0
167,24.0,0.0,0.0,12.0,2.0,0.07,0.0,1.0,0.0,0.0,1.0,0.0,0.0,0.0,0.0,0.0,0.0,2.0,5.0,2.0,Delap,Liam,Delap,Forward,45.0,0.2625,0.0,0.5833333333333334,0.0,0.5833333333333334,8.333333333333332,8.333333333333332
172,0.0,0.0,0.0,0.0,0.0,0.0,0.0,0.0,0.0,0.0,0.0,0.0,0.0,0.0,0.0,0.0,0.0,0.0,0.0,0.0,Wilson,Ben,Wilson,Goalkeeper,,,,,,,,
173,168.0,0.0,0.0,129.0,0.0,0.02,0.02,1.0,0.0,0.0,1.0,0.0,1.0,0.0,8.0,2.0,16.0,9.0,6.0,0.0,Thomas,Bobby,Thomas,Defender,69.10714285714286,0.010714285714285714,0.010714285714285714,0.01550387596899225,0.01550387596899225,0.0310077519379845,0.7751937984496124,0.7751937984496124
174,0.0,0.0,0.0,0.0,0.0,0.0,0.0,0.0,0.0,0.0,0.0,0.0,0.0,0.0,0.0,0.0,0.0,0.0,0.0,0.0,Kitching,Liam,Kitching,Defender,,,,,,,,
175,180.0,0.0,0.0,101.0,4.0,0.0,0.2,0.0,0.0,0.0,2.0,0.0,2.0,1.0,6.0,2.0,4.0,2.0,7.0,2.0,van Ewijk,Milan,van Ewijk,Defender,50.5,0.0,0.1,0.0,0.19801980198019803,0.19801980198019803,0.0,1.9801980198019802
176,180.0,0.0,0.0,137.0,1.0,0.18,0.07,1.0,1.0,0.0,0.0,0.0,2.0,1.0,4.0,1.0,5.0,8.0,6.0,1.0,Dasilva,Jay,Dasilva,Defender,68.5,0.09,0.035,0.1313868613138686,0.05109489051094891,0.18248175182481752,0.7299270072992701,0.0
179,0.0,0.0,0.0,0.0,0.0,0.0,0.0,0.0,0.0,0.0,0.0,0.0,0.0,0.0,0.0,0.0,0.0,0.0,0.0,0.0,Latibeaudiere,Joel,Latibeaudiere,Defender,,,,,,,,
182,180.0,0.0,0.0,126.0,1.0,0.02,0.05,1.0,0.0,0.0,0.0,0.0,0.0,0.0,5.0,3.0,10.0,7.0,7.0,1.0,Amenda,Aurèle,Amenda,Defender,62.99999999999999,0.01,0.025,0.015873015873015872,0.03968253968253968,0.05555555555555555,0.7936507936507936,0.0
183,91.0,0.0,0.0,65.0,2.0,0.21,0.09,2.0,1.0,0.0,2.0,0.0,2.0,1.0,8.0,0.0,0.0,4.0,4.0,1.0,Rudoni,Jack,Rudoni,Midfielder,64.28571428571429,0.20769230769230768,0.08901098901098901,0.32307692307692304,0.13846153846153844,0.4615384615384615,3.076923076923077,3.076923076923077
184,180.0,0.0,0.0,188.0,0.0,0.01,0.05,1.0,0.0,0.0,1.0,0.0,0.0,0.0,12.0,1.0,4.0,5.0,3.0,0.0,Grimes,Matt,Grimes,Midfielder,94.0,0.005,0.025,0.005319148936170213,0.026595744680851064,0.03191489361702128,0.5319148936170213,0.5319148936170213
185,31.0,0.0,0.0,27.0,2.0,0.02,0.02,1.0,0.0,0.0,0.0,0.0,2.0,0.0,2.0,0.0,0.0,3.0,1.0,0.0,Sakamoto,Tatsuhiro,Sakamoto,Midfielder,78.38709677419355,0.05806451612903226,0.05806451612903226,0.07407407407407407,0.07407407407407407,0.14814814814814814,3.7037037037037033,0.0
186,58.0,0.0,0.0,28.0,0.0,0.0,0.06,0.0,0.0,0.0,1.0,0.0,0.0,0.0,2.0,0.0,2.0,2.0,6.0,1.0,Mason-Clark,Ephron,Mason-Clark,Midfielder,43.44827586206897,0.0,0.09310344827586207,0.0,0.2142857142857143,0.2142857142857143,0.0,3.571428571428571
187,0.0,0.0,0.0,0.0,0.0,0.0,0.0,0.0,0.0,0.0,0.0,0.0,0.0,0.0,0.0,0.0,0.0,0.0,0.0,0.0,Eccles,Josh,Eccles,Midfielder,,,,,,,,
188,47.0,0.0,0.0,38.0,0.0,0.0,0.12,0.0,0.0,0.0,1.0,0.0,0.0,1.0,2.0,0.0,0.0,0.0,3.0,1.0,Torp,Victor,Torp,Midfielder,72.7659574468085,0.0,0.2297872340425532,0.0,0.3157894736842105,0.3157894736842105,0.0,2.631578947368421
190,141.0,0.0,0.0,76.0,2.0,0.09,0.15,3.0,0.0,0.0,1.0,0.0,1.0,0.0,8.0,0.0,5.0,6.0,5.0,1.0,Tchaouna,Loum,Tchaouna,Midfielder,48.51063829787234,0.0574468085106383,0.09574468085106383,0.11842105263157893,0.19736842105263158,0.3157894736842105,3.9473684210526314,1.3157894736842104
194,102.0,0.0,0.0,39.0,1.0,0.0,0.02,0.0,0.0,0.0,0.0,0.0,0.0,4.0,3.0,0.0,1.0,7.0,8.0,0.0,Thomas-Asante,Brandon,Thomas-Asante,Forward,34.41176470588235,0.0,0.01764705882352941,0.0,0.05128205128205128,0.05128205128205128,0.0,0.0
195,70.0,0.0,0.0,22.0,1.0,0.0,0.01,0.0,0.0,0.0,1.0,0.0,0.0,0.0,2.0,0.0,1.0,5.0,4.0,0.0,Simms,Ellis,Simms,Forward,28.285714285714285,0.0,0.012857142857142859,0.0,0.045454545454545456,0.045454545454545456,0.0,4.545454545454546
198,180.0,0.0,0.0,73.0,0.0,0.0,0.0,0.0,0.0,0.0,0.0,0.0,0.0,0.0,24.0,0.0,5.0,0.0,0.0,0.0,Henderson,Dean,Henderson,Goalkeeper,36.5,0.0,0.0,0.0,0.0,0.0,0.0,0.0
199,0.0,0.0,0.0,0.0,0.0,0.0,0.0,0.0,0.0,0.0,0.0,0.0,0.0,0.0,0.0,0.0,0.0,0.0,0.0,0.0,Benitez,Walter,Benítez,Goalkeeper,,,,,,,,
200,180.0,0.0,1.0,104.0,3.0,0.02,0.2,1.0,0.0,0.0,1.0,0.0,6.0,2.0,3.0,1.0,12.0,12.0,11.0,2.0,Lacroix,Maxence,Lacroix,Defender,51.99999999999999,0.01,0.1,0.019230769230769232,0.19230769230769232,0.21153846153846154,0.9615384615384616,0.9615384615384616
201,55.0,0.0,0.0,48.0,2.0,0.23,0.01,2.0,1.0,0.0,0.0,0.0,1.0,1.0,1.0,0.0,2.0,3.0,3.0,0.0,Muñoz,Daniel,Muñoz Mejía,Defender,78.54545454545455,0.3763636363636364,0.016363636363636365,0.47916666666666674,0.020833333333333336,0.5,4.166666666666666,0.0
202,180.0,0.0,0.0,126.0,1.0,0.04,0.0,1.0,1.0,0.0,0.0,0.0,4.0,4.0,3.0,3.0,11.0,7.0,4.0,0.0,Richards,Chris,Richards,Defender,62.99999999999999,0.02,0.0,0.031746031746031744,0.0,0.031746031746031744,0.7936507936507936,0.0
203,180.0,0.0,0.0,163.0,1.0,0.05,0.01,1.0,0.0,0.0,0.0,0.0,5.0,0.0,4.0,4.0,6.0,10.0,6.0,1.0,Canvot,Jaydee,Canvot,Defender,81.5,0.025,0.005,0.030674846625766874,0.006134969325153374,0.03680981595092025,0.6134969325153374,0.0
204,180.0,0.0,0.0,100.0,3.0,0.11,0.17,2.0,0.0,0.0,3.0,0.0,4.0,1.0,5.0,0.0,5.0,5.0,7.0,1.0,Mitchell,Tyrick,Mitchell,Defender,50.0,0.055,0.085,0.11,0.17,0.28,2.0,3.0
205,0.0,0.0,0.0,0.0,0.0,0.0,0.0,0.0,0.0,0.0,0.0,0.0,0.0,0.0,0.0,0.0,0.0,0.0,0.0,0.0,Sosa,Borna,Sosa,Defender,,,,,,,,
206,72.0,0.0,0.0,61.0,0.0,0.0,0.01,0.0,0.0,0.0,0.0,0.0,1.0,1.0,3.0,0.0,5.0,3.0,3.0,0.0,Chadi Riad,Chadi,Riad Dnanou,Defender,76.25,0.0,0.0125,0.0,0.01639344262295082,0.01639344262295082,0.0,0.0
207,15.0,0.0,0.0,7.0,0.0,0.0,0.0,0.0,0.0,0.0,0.0,0.0,1.0,0.0,0.0,0.0,0.0,1.0,1.0,0.0,Mingueza,Oscar,Mingueza,Defender,42.0,0.0,0.0,0.0,0.0,0.0,0.0,0.0
209,34.0,0.0,0.0,17.0,0.0,0.0,0.0,0.0,0.0,0.0,0.0,0.0,1.0,0.0,1.0,0.0,2.0,2.0,5.0,1.0,Johnson,Brennan,Johnson,Midfielder,45.0,0.0,0.0,0.0,0.0,0.0,0.0,0.0
210,180.0,0.0,0.0,127.0,0.0,0.0,0.31,0.0,0.0,0.0,4.0,0.0,6.0,3.0,11.0,0.0,1.0,12.0,6.0,5.0,Wharton,Adam,Wharton,Midfielder,63.50000000000001,0.0,0.155,0.0,0.2440944881889764,0.2440944881889764,0.0,3.149606299212598
211,103.0,0.0,0.0,73.0,5.0,0.11,0.09000000000000001,3.0,0.0,0.0,2.0,0.0,4.0,1.0,9.0,0.0,1.0,7.0,6.0,1.0,Yeremy,Yéremy,Pino Santos,Midfielder,63.786407766990294,0.09611650485436893,0.07864077669902914,0.1506849315068493,0.12328767123287673,0.273972602739726,4.10958904109589,2.73972602739726
212,0.0,0.0,0.0,0.0,0.0,0.0,0.0,0.0,0.0,0.0,0.0,0.0,0.0,0.0,0.0,0.0,0.0,0.0,0.0,0.0,Hughes,Will,Hughes,Midfielder,,,,,,,,
213,0.0,0.0,0.0,0.0,0.0,0.0,0.0,0.0,0.0,0.0,0.0,0.0,0.0,0.0,0.0,0.0,0.0,0.0,0.0,0.0,Lerma,Jefferson,Lerma Solís,Midfielder,,,,,,,,
214,180.0,0.0,0.0,141.0,2.0,0.05,0.29000000000000004,1.0,0.0,0.0,2.0,0.0,9.0,1.0,10.0,0.0,3.0,16.0,8.0,2.0,Kamada,Daichi,Kamada,Midfielder,70.5,0.025,0.14500000000000002,0.03546099290780142,0.20567375886524825,0.2411347517730497,0.7092198581560284,1.4184397163120568
222,90.0,0.0,0.0,23.0,2.0,0.3,0.01,2.0,1.0,0.0,0.0,0.0,1.0,0.0,1.0,1.0,1.0,3.0,8.0,2.0,Strand Larsen,Jørgen,Strand Larsen,Forward,23.0,0.3,0.01,1.3043478260869565,0.043478260869565216,1.3478260869565217,8.695652173913043,0.0
223,63.0,0.0,0.0,21.0,2.0,0.7,0.02,2.0,0.0,0.0,1.0,0.0,2.0,0.0,2.0,0.0,1.0,3.0,5.0,1.0,Mateta,Jean-Philippe,Mateta,Forward,30.0,0.9999999999999999,0.02857142857142857,3.3333333333333335,0.09523809523809523,3.428571428571429,9.523809523809524,4.761904761904762
224,123.0,0.0,0.0,48.0,6.0,0.96,0.58,3.0,1.0,0.0,3.0,0.0,3.0,1.0,4.0,0.0,1.0,8.0,14.0,3.0,Nketiah,Eddie,Nketiah,Forward,35.1219512195122,0.7024390243902439,0.42439024390243896,2.0,1.2083333333333333,3.208333333333333,6.25,6.25
226,180.0,0.0,0.0,89.0,0.0,0.0,0.02,0.0,0.0,0.0,0.0,0.0,0.0,0.0,23.0,0.0,4.0,3.0,0.0,0.0,Pickford,Jordan,Pickford,Goalkeeper,44.5,0.0,0.01,0.0,0.02247191011235955,0.02247191011235955,0.0,0.0
227,0.0,0.0,0.0,0.0,0.0,0.0,0.0,0.0,0.0,0.0,0.0,0.0,0.0,0.0,0.0,0.0,0.0,0.0,0.0,0.0,Travers,Mark,Travers,Goalkeeper,,,,,,,,
229,180.0,1.0,0.0,104.0,3.0,0.15000000000000002,0.01,2.0,1.0,0.0,1.0,0.0,2.0,6.0,7.0,2.0,9.0,15.0,4.0,0.0,Tarkowski,James,Tarkowski,Defender,51.99999999999999,0.07500000000000001,0.005,0.14423076923076927,0.009615384615384616,0.15384615384615385,1.9230769230769231,0.9615384615384616
230,180.0,0.0,0.0,94.0,4.0,0.09,0.02,1.0,1.0,0.0,0.0,0.0,3.0,3.0,5.0,1.0,13.0,9.0,3.0,0.0,Branthwaite,Jarrad,Branthwaite,Defender,47.0,0.045,0.01,0.09574468085106383,0.02127659574468085,0.11702127659574468,1.0638297872340425,0.0
231,0.0,0.0,0.0,0.0,0.0,0.0,0.0,0.0,0.0,0.0,0.0,0.0,0.0,0.0,0.0,0.0,0.0,0.0,0.0,0.0,Keane,Michael,Keane,Defender,,,,,,,,
232,0.0,0.0,0.0,0.0,0.0,0.0,0.0,0.0,0.0,0.0,0.0,0.0,0.0,0.0,0.0,0.0,0.0,0.0,0.0,0.0,O'Brien,Jake,O'Brien,Defender,,,,,,,,
233,180.0,0.0,0.0,131.0,1.0,0.0,0.060000000000000005,0.0,0.0,0.0,1.0,0.0,1.0,1.0,11.0,4.0,10.0,10.0,9.0,1.0,Mykolenko,Vitalii,Mykolenko,Defender,65.5,0.0,0.030000000000000002,0.0,0.04580152671755726,0.04580152671755726,0.0,0.7633587786259541
234,0.0,0.0,0.0,0.0,0.0,0.0,0.0,0.0,0.0,0.0,0.0,0.0,0.0,0.0,0.0,0.0,0.0,0.0,0.0,0.0,Patterson,Nathan,Patterson,Defender,,,,,,,,
236,179.0,1.0,0.0,113.0,6.0,0.18,0.33,5.0,2.0,0.0,6.0,0.0,5.0,0.0,12.0,0.0,1.0,10.0,10.0,2.0,Dewsbury-Hall,Kiernan,Dewsbury-Hall,Midfielder,56.815642458100555,0.09050279329608939,0.1659217877094972,0.1592920353982301,0.2920353982300885,0.45132743362831856,4.424778761061947,5.3097345132743365
237,180.0,0.0,1.0,121.0,10.0,0.26,0.39,4.0,3.0,0.0,4.0,0.0,5.0,2.0,15.0,0.0,3.0,9.0,15.0,5.0,Ndiaye,Iliman,Ndiaye,Midfielder,60.50000000000001,0.13,0.19499999999999998,0.21487603305785125,0.32231404958677684,0.5371900826446281,3.3057851239669422,3.3057851239669422
238,8.0,0.0,0.0,9.0,0.0,0.0,0.0,0.0,0.0,0.0,0.0,0.0,1.0,0.0,0.0,0.0,0.0,1.0,1.0,1.0,Grealish,Jack,Grealish,Midfielder,101.25,0.0,0.0,0.0,0.0,0.0,0.0,0.0
239,73.0,0.0,0.0,45.0,1.0,0.0,0.03,0.0,0.0,0.0,1.0,0.0,4.0,0.0,7.0,0.0,0.0,4.0,4.0,1.0,Garner,James,Garner,Midfielder,55.47945205479452,0.0,0.036986301369863014,0.0,0.06666666666666667,0.06666666666666667,0.0,2.2222222222222223
240,4.0,0.0,0.0,1.0,0.0,0.0,0.0,0.0,0.0,0.0,0.0,0.0,0.0,0.0,0.0,0.0,0.0,0.0,1.0,0.0,Iroegbunam,Tim,Iroegbunam,Midfielder,22.5,0.0,0.0,0.0,0.0,0.0,0.0,0.0
241,85.0,0.0,0.0,46.0,0.0,0.05,0.02,1.0,0.0,0.0,0.0,0.0,0.0,1.0,3.0,1.0,2.0,0.0,5.0,2.0,McNeil,Dwight,McNeil,Midfielder,48.705882352941174,0.05294117647058824,0.021176470588235293,0.10869565217391304,0.043478260869565216,0.15217391304347827,2.1739130434782608,0.0
242,146.0,0.0,0.0,81.0,11.0,0.22999999999999998,0.09,7.0,1.0,0.0,3.0,0.0,1.0,2.0,5.0,0.0,1.0,7.0,3.0,2.0,George,Tyrique,George,Midfielder,49.93150684931507,0.14178082191780822,0.05547945205479452,0.2839506172839506,0.1111111111111111,0.39506172839506165,8.641975308641975,3.7037037037037033
243,5.0,0.0,0.0,9.0,4.0,0.05,0.02,2.0,1.0,0.0,0.0,0.0,1.0,0.0,2.0,0.0,0.0,1.0,4.0,0.0,Alcaraz,Carlos,Alcaraz Durán,Midfielder,162.0,0.9,0.36,0.5555555555555556,0.2222222222222222,0.7777777777777778,22.22222222222222,0.0
244,176.0,0.0,1.0,90.0,2.0,0.0,0.07,0.0,0.0,0.0,2.0,0.0,5.0,3.0,14.0,1.0,2.0,8.0,14.0,2.0,Armstrong,Harrison,Armstrong,Midfielder,46.02272727272727,0.0,0.03579545454545455,0.0,0.07777777777777778,0.07777777777777778,0.0,2.2222222222222223
245,0.0,0.0,0.0,0.0,0.0,0.0,0.0,0.0,0.0,0.0,0.0,0.0,0.0,0.0,0.0,0.0,0.0,0.0,0.0,0.0,Dibling,Tyler,Dibling,Midfielder,,,,,,,,
246,176.0,0.0,0.0,120.0,1.0,0.0,0.06999999999999999,0.0,0.0,0.0,1.0,0.0,5.0,0.0,9.0,0.0,4.0,9.0,8.0,1.0,Röhl,Merlin,Röhl,Midfielder,61.36363636363636,0.0,0.03579545454545454,0.0,0.05833333333333333,0.05833333333333333,0.0,0.8333333333333334
247,107.0,0.0,0.0,82.0,2.0,0.01,0.02,1.0,0.0,0.0,1.0,0.0,2.0,2.0,5.0,1.0,0.0,5.0,7.0,0.0,Hackney,Hayden,Hackney,Midfielder,68.97196261682242,0.008411214953271028,0.016822429906542057,0.012195121951219513,0.024390243902439025,0.036585365853658534,1.2195121951219512,1.2195121951219512
248,31.0,0.0,0.0,14.0,1.0,0.09,0.0,2.0,0.0,0.0,0.0,0.0,0.0,0.0,0.0,1.0,0.0,1.0,5.0,1.0,Beto,Norberto Bercique,Gomes Betuncal,Forward,40.64516129032258,0.26129032258064516,0.0,0.6428571428571428,0.0,0.6428571428571428,14.285714285714285,0.0
249,149.0,1.0,0.0,52.0,9.0,1.93,0.09,5.0,3.0,0.0,2.0,0.0,1.0,0.0,3.0,0.0,2.0,8.0,15.0,3.0,Barry,Thierno,Barry,Forward,31.40939597315436,1.1657718120805367,0.054362416107382544,3.7115384615384612,0.17307692307692307,3.884615384615385,9.615384615384617,3.8461538461538463
250,180.0,0.0,0.0,110.0,0.0,0.0,0.0,0.0,0.0,0.0,0.0,0.0,0.0,0.0,17.0,0.0,3.0,1.0,0.0,0.0,Leno,Bernd,Leno,Goalkeeper,55.00000000000001,0.0,0.0,0.0,0.0,0.0,0.0,0.0
251,0.0,0.0,0.0,0.0,0.0,0.0,0.0,0.0,0.0,0.0,0.0,0.0,0.0,0.0,0.0,0.0,0.0,0.0,0.0,0.0,Lecomte,Benjamin,Lecomte,Goalkeeper,,,,,,,,
253,90.0,0.0,0.0,100.0,1.0,0.0,0.04,0.0,0.0,0.0,1.0,0.0,0.0,1.0,2.0,0.0,7.0,6.0,6.0,0.0,Andersen,Joachim,Andersen,Defender,100.0,0.0,0.04,0.0,0.04,0.04,0.0,1.0
254,172.0,0.0,0.0,143.0,1.0,0.13,0.06,1.0,0.0,0.0,1.0,0.0,6.0,1.0,7.0,1.0,2.0,9.0,11.0,1.0,Robinson,Antonee,Robinson,Defender,74.82558139534883,0.06802325581395349,0.031395348837209305,0.09090909090909091,0.04195804195804196,0.13286713286713286,0.6993006993006993,0.6993006993006993
255,90.0,0.0,0.0,99.0,0.0,0.0,0.03,0.0,0.0,0.0,2.0,0.0,1.0,1.0,3.0,3.0,5.0,3.0,1.0,0.0,J.Cuenca,Jorge,Cuenca Barreno,Defender,99.00000000000001,0.0,0.03,0.0,0.030303030303030304,0.030303030303030304,0.0,2.0202020202020203
256,0.0,0.0,0.0,0.0,0.0,0.0,0.0,0.0,0.0,0.0,0.0,0.0,0.0,0.0,0.0,0.0,0.0,0.0,0.0,0.0,Tete,Kenny,Tete,Defender,,,,,,,,
257,180.0,0.0,0.0,195.0,0.0,0.02,0.03,1.0,0.0,0.0,0.0,0.0,2.0,2.0,10.0,0.0,7.0,7.0,3.0,0.0,Bassey,Calvin,Bassey,Defender,97.5,0.01,0.015,0.010256410256410256,0.015384615384615385,0.02564102564102564,0.5128205128205128,0.0
258,158.0,0.0,1.0,94.0,4.0,0.09,0.18,1.0,1.0,0.0,2.0,0.0,2.0,2.0,6.0,1.0,3.0,10.0,9.0,0.0,Castagne,Timothy,Castagne,Defender,53.54430379746835,0.05126582278481013,0.10253164556962026,0.09574468085106383,0.19148936170212766,0.2872340425531915,1.0638297872340425,2.127659574468085
259,180.0,0.0,0.0,102.0,1.0,0.0,0.01,0.0,0.0,0.0,0.0,0.0,1.0,4.0,10.0,5.0,7.0,4.0,8.0,1.0,Diop,Issa,Diop,Defender,51.0,0.0,0.005,0.0,0.00980392156862745,0.00980392156862745,0.0,0.0
260,111.0,0.0,0.0,50.0,4.0,0.01,0.06,1.0,0.0,0.0,2.0,0.0,3.0,2.0,3.0,0.0,0.0,6.0,3.0,1.0,Wilson,Harry,Wilson,Midfielder,40.54054054054054,0.008108108108108109,0.04864864864864865,0.02,0.12,0.13999999999999999,2.0,4.0
261,180.0,0.0,0.0,172.0,0.0,0.01,0.44,1.0,0.0,0.0,2.0,0.0,2.0,3.0,8.0,0.0,1.0,3.0,6.0,1.0,Iwobi,Alex,Iwobi,Midfielder,86.0,0.005,0.22,0.005813953488372093,0.2558139534883721,0.2616279069767442,0.5813953488372093,1.1627906976744187
262,14.0,0.0,0.0,21.0,2.0,0.06,0.02,1.0,0.0,0.0,2.0,0.0,0.0,0.0,1.0,0.0,0.0,0.0,3.0,1.0,Smith Rowe,Emile,Smith Rowe,Midfielder,135.0,0.38571428571428573,0.12857142857142856,0.2857142857142857,0.09523809523809523,0.38095238095238093,4.761904761904762,9.523809523809524
263,24.0,0.0,0.0,28.0,0.0,0.0,0.05,0.0,0.0,0.0,0.0,0.0,2.0,0.0,1.0,0.0,0.0,3.0,8.0,1.0,Kevin,Kevin,Santos Lopes de Macedo,Midfielder,105.0,0.0,0.1875,0.0,0.17857142857142858,0.17857142857142858,0.0,0.0
264,135.0,0.0,0.0,77.0,6.0,0.0,0.27,0.0,0.0,0.0,2.0,0.0,5.0,2.0,4.0,0.0,0.0,10.0,12.0,3.0,Bobb,Oscar,Bobb,Midfielder,51.333333333333336,0.0,0.18,0.0,0.35064935064935066,0.35064935064935066,0.0,2.5974025974025974
265,156.0,0.0,0.0,126.0,3.0,0.03,0.23,1.0,0.0,0.0,4.0,0.0,1.0,0.0,4.0,1.0,0.0,2.0,9.0,2.0,Berge,Sander,Berge,Midfielder,72.6923076923077,0.01730769230769231,0.1326923076923077,0.023809523809523808,0.18253968253968256,0.20634920634920637,0.7936507936507936,3.1746031746031744
267,163.0,0.0,1.0,106.0,1.0,0.02,0.04,1.0,0.0,0.0,2.0,0.0,4.0,2.0,4.0,1.0,6.0,5.0,10.0,1.0,Lukić,Saša,Lukić,Midfielder,58.52760736196319,0.011042944785276074,0.022085889570552148,0.018867924528301886,0.03773584905660377,0.05660377358490566,0.9433962264150944,1.8867924528301887
268,180.0,1.0,0.0,110.0,17.0,0.64,0.07,5.0,2.0,0.0,1.0,0.0,4.0,0.0,5.0,1.0,2.0,8.0,15.0,1.0,King,Josh,King,Midfielder,55.00000000000001,0.32,0.035,0.5818181818181819,0.06363636363636364,0.6454545454545454,4.545454545454546,0.9090909090909091
269,39.0,0.0,0.0,48.0,5.0,0.05,0.12,2.0,1.0,0.0,0.0,0.0,1.0,1.0,2.0,0.0,0.0,6.0,3.0,2.0,Sessegnon,Ryan,Sessegnon,Defender,110.76923076923077,0.11538461538461539,0.27692307692307694,0.10416666666666667,0.25,0.35416666666666663,4.166666666666666,0.0
270,0.0,0.0,0.0,0.0,0.0,0.0,0.0,0.0,0.0,0.0,0.0,0.0,0.0,0.0,0.0,0.0,0.0,0.0,0.0,0.0,Reed,Harrison,Reed,Midfielder,,,,,,,,
271,8.0,0.0,0.0,7.0,0.0,0.02,0.0,1.0,1.0,0.0,1.0,0.0,0.0,0.0,0.0,0.0,1.0,3.0,1.0,0.0,Muniz,Rodrigo,Muniz Carvalho,Forward,78.75,0.225,0.0,0.2857142857142857,0.0,0.2857142857142857,14.285714285714285,14.285714285714285
273,0.0,0.0,0.0,0.0,0.0,0.0,0.0,0.0,0.0,0.0,0.0,0.0,0.0,0.0,0.0,0.0,0.0,0.0,0.0,0.0,Phillips,Dillon,Phillips,Goalkeeper,,,,,,,,
277,180.0,0.0,0.0,100.0,1.0,0.0,0.0,0.0,0.0,0.0,0.0,0.0,2.0,2.0,4.0,3.0,27.0,8.0,3.0,1.0,Egan,John,Egan,Defender,50.0,0.0,0.0,0.0,0.0,0.0,0.0,0.0
279,154.0,1.0,0.0,63.0,2.0,0.52,0.0,1.0,1.0,0.0,0.0,0.0,2.0,2.0,8.0,0.0,10.0,8.0,2.0,0.0,Ajayi,Semi,Ajayi,Defender,36.81818181818182,0.3038961038961039,0.0,0.8253968253968255,0.0,0.8253968253968255,1.5873015873015872,0.0
280,115.0,0.0,0.0,57.0,0.0,0.0,0.01,0.0,0.0,0.0,1.0,0.0,1.0,1.0,4.0,0.0,4.0,7.0,4.0,0.0,Coyle,Lewie,Coyle,Defender,44.608695652173914,0.0,0.00782608695652174,0.0,0.01754385964912281,0.01754385964912281,0.0,1.7543859649122806
281,65.0,0.0,0.0,29.0,0.0,0.05,0.0,1.0,0.0,0.0,0.0,0.0,1.0,2.0,4.0,0.0,3.0,3.0,2.0,0.0,Drameh,Cody,Drameh,Defender,40.15384615384615,0.06923076923076923,0.0,0.1724137931034483,0.0,0.1724137931034483,3.4482758620689653,0.0
282,175.0,0.0,0.0,80.0,2.0,0.02,0.14,1.0,0.0,0.0,2.0,0.0,2.0,1.0,5.0,0.0,5.0,5.0,3.0,0.0,Giles,Ryan,Giles,Defender,41.14285714285714,0.010285714285714285,0.07200000000000001,0.025,0.17500000000000002,0.2,1.25,2.5
285,26.0,0.0,0.0,7.0,0.0,0.0,0.0,0.0,0.0,0.0,0.0,0.0,0.0,0.0,1.0,0.0,2.0,0.0,1.0,0.0,McNair,Paddy,McNair,Defender,24.23076923076923,0.0,0.0,0.0,0.0,0.0,0.0,0.0
286,173.0,0.0,1.0,67.0,5.0,0.16999999999999998,0.05,3.0,0.0,0.0,1.0,0.0,6.0,3.0,8.0,1.0,2.0,8.0,9.0,1.0,Belloumi,Mohamed,Belloumi,Midfielder,34.85549132947977,0.0884393063583815,0.02601156069364162,0.2537313432835821,0.0746268656716418,0.3283582089552239,4.477611940298507,1.4925373134328357
287,50.0,1.0,0.0,22.0,2.0,0.58,0.0,3.0,1.0,0.0,0.0,0.0,1.0,0.0,1.0,1.0,1.0,2.0,4.0,1.0,Millar,Liam,Millar,Midfielder,39.6,1.044,0.0,2.6363636363636362,0.0,2.6363636363636362,13.636363636363635,0.0
288,0.0,0.0,0.0,0.0,0.0,0.0,0.0,0.0,0.0,0.0,0.0,0.0,0.0,0.0,0.0,0.0,0.0,0.0,0.0,0.0,Dowell,Kieran,Dowell,Midfielder,,,,,,,,
289,90.0,0.0,0.0,35.0,0.0,0.0,0.0,0.0,0.0,0.0,0.0,0.0,4.0,0.0,1.0,2.0,2.0,8.0,5.0,1.0,Crooks,Matt,Crooks,Midfielder,35.0,0.0,0.0,0.0,0.0,0.0,0.0,0.0
290,180.0,0.0,1.0,74.0,1.0,0.0,0.45,0.0,0.0,0.0,1.0,0.0,5.0,0.0,6.0,0.0,2.0,7.0,8.0,2.0,Slater,Regan,Slater,Midfielder,37.0,0.0,0.225,0.0,0.6081081081081081,0.6081081081081081,0.0,1.3513513513513513
295,180.0,0.0,0.0,70.0,7.0,0.16,0.02,2.0,2.0,0.0,3.0,0.0,0.0,0.0,6.0,0.0,3.0,16.0,20.0,1.0,McBurnie,Oli,McBurnie,Forward,35.0,0.08,0.01,0.2285714285714286,0.028571428571428574,0.2571428571428571,2.857142857142857,4.285714285714286
300,0.0,0.0,0.0,0.0,0.0,0.0,0.0,0.0,0.0,0.0,0.0,0.0,0.0,0.0,0.0,0.0,0.0,0.0,0.0,0.0,Walton,Christian,Walton,Goalkeeper,,,,,,,,
303,0.0,0.0,0.0,0.0,0.0,0.0,0.0,0.0,0.0,0.0,0.0,0.0,0.0,0.0,0.0,0.0,0.0,0.0,0.0,0.0,Kipré,Cédric,Kipré,Defender,,,,,,,,
304,180.0,0.0,0.0,120.0,3.0,0.07,0.17,1.0,0.0,0.0,2.0,0.0,2.0,2.0,8.0,2.0,13.0,9.0,7.0,1.0,O'Shea,Dara,O'Shea,Defender,60.0,0.035,0.085,0.05833333333333334,0.14166666666666666,0.2,0.8333333333333334,1.6666666666666667
305,180.0,1.0,0.0,91.0,2.0,0.54,0.13,2.0,2.0,0.0,1.0,0.0,0.0,2.0,5.0,2.0,7.0,3.0,4.0,3.0,Davis,Leif,Davis,Defender,45.5,0.27,0.065,0.5934065934065934,0.14285714285714285,0.7362637362637363,2.197802197802198,1.098901098901099
306,180.0,0.0,0.0,115.0,0.0,0.0,0.01,0.0,0.0,0.0,0.0,0.0,4.0,0.0,5.0,4.0,9.0,12.0,5.0,0.0,Greaves,Jacob,Greaves,Defender,57.49999999999999,0.0,0.005,0.0,0.008695652173913044,0.008695652173913044,0.0,0.0
308,17.0,0.0,0.0,19.0,0.0,0.0,0.0,0.0,0.0,0.0,0.0,0.0,1.0,1.0,0.0,0.0,1.0,3.0,2.0,0.0,Furlong,Darnell,Furlong,Defender,100.58823529411765,0.0,0.0,0.0,0.0,0.0,0.0,0.0
309,142.0,0.0,0.0,93.0,2.0,0.03,0.05,1.0,0.0,0.0,1.0,0.0,3.0,1.0,10.0,3.0,4.0,5.0,7.0,0.0,Núñez,Marcelino,Núñez,Midfielder,58.943661971830984,0.019014084507042252,0.03169014084507042,0.03225806451612903,0.053763440860215055,0.08602150537634409,1.0752688172043012,1.0752688172043012
313,19.0,1.0,0.0,8.0,1.0,0.1,0.0,2.0,1.0,0.0,0.0,0.0,1.0,0.0,1.0,0.0,0.0,1.0,0.0,0.0,Clarke,Jack,Clarke,Midfielder,37.89473684210526,0.47368421052631576,0.0,1.25,0.0,1.25,25.0,0.0
315,149.0,0.0,1.0,74.0,5.0,0.0,0.63,0.0,0.0,0.0,5.0,0.0,5.0,1.0,4.0,0.0,1.0,14.0,17.0,5.0,Fatawu,Abdul,Fatawu,Midfielder,44.69798657718121,0.0,0.3805369127516779,0.0,0.8513513513513513,0.8513513513513513,0.0,6.756756756756757
316,111.0,1.0,0.0,36.0,5.0,0.82,0.06,3.0,2.0,0.0,3.0,0.0,1.0,0.0,1.0,0.0,2.0,8.0,11.0,2.0,Emersonn,Emersonn,Correia da Silva,Forward,29.18918918918919,0.6648648648648647,0.04864864864864865,2.2777777777777777,0.16666666666666666,2.444444444444444,8.333333333333332,8.333333333333332
320,69.0,1.0,0.0,20.0,2.0,0.97,0.0,1.0,1.0,0.0,0.0,0.0,1.0,0.0,2.0,0.0,0.0,5.0,10.0,1.0,Akpom,Chuba,Akpom,Forward,26.086956521739133,1.2652173913043478,0.0,4.8500000000000005,0.0,4.8500000000000005,5.0,0.0
321,10.0,0.0,0.0,2.0,0.0,0.0,0.0,0.0,0.0,0.0,0.0,0.0,0.0,0.0,0.0,0.0,0.0,1.0,1.0,0.0,Walle Egeli,Sindre,Walle Egeli,Forward,18.0,0.0,0.0,0.0,0.0,0.0,0.0,0.0
323,31.0,0.0,0.0,15.0,0.0,0.0,0.0,0.0,0.0,0.0,0.0,0.0,1.0,0.0,3.0,0.0,0.0,1.0,3.0,0.0,McAteer,Kasey,McAteer,Midfielder,43.54838709677419,0.0,0.0,0.0,0.0,0.0,0.0,0.0
325,0.0,0.0,0.0,0.0,0.0,0.0,0.0,0.0,0.0,0.0,0.0,0.0,0.0,0.0,0.0,0.0,0.0,0.0,0.0,0.0,Darlow,Karl,Darlow,Goalkeeper,,,,,,,,
326,0.0,0.0,0.0,0.0,0.0,0.0,0.0,0.0,0.0,0.0,0.0,0.0,0.0,0.0,0.0,0.0,0.0,0.0,0.0,0.0,Perri,Lucas Estella,Perri,Goalkeeper,,,,,,,,
327,135.0,0.0,0.0,98.0,3.0,0.11,0.0,2.0,0.0,0.0,0.0,0.0,1.0,3.0,7.0,0.0,13.0,10.0,7.0,0.0,Bijol,Jaka,Bijol,Defender,65.33333333333334,0.07333333333333333,0.0,0.11224489795918367,0.0,0.11224489795918367,2.0408163265306123,0.0
328,0.0,0.0,0.0,0.0,0.0,0.0,0.0,0.0,0.0,0.0,0.0,0.0,0.0,0.0,0.0,0.0,0.0,0.0,0.0,0.0,Struijk,Pascal,Struijk,Defender,,,,,,,,
329,124.0,0.0,0.0,59.0,2.0,0.03,0.06,1.0,0.0,0.0,1.0,0.0,1.0,1.0,2.0,1.0,8.0,7.0,5.0,0.0,Rodon,Joe,Rodon,Defender,42.822580645161295,0.021774193548387097,0.043548387096774194,0.05084745762711865,0.1016949152542373,0.15254237288135594,1.694915254237288,1.694915254237288
330,158.0,0.0,0.0,86.0,2.0,0.0,0.01,0.0,0.0,0.0,1.0,0.0,3.0,1.0,8.0,1.0,5.0,14.0,8.0,0.0,Bogle,Jayden,Bogle,Defender,48.9873417721519,0.0,0.00569620253164557,0.0,0.011627906976744186,0.011627906976744186,0.0,1.1627906976744187
331,0.0,0.0,0.0,0.0,0.0,0.0,0.0,0.0,0.0,0.0,0.0,0.0,0.0,0.0,0.0,0.0,0.0,0.0,0.0,0.0,Gudmundsson,Gabriel,Gudmundsson,Defender,,,,,,,,
332,180.0,0.0,0.0,93.0,2.0,0.03,0.02,1.0,1.0,0.0,1.0,0.0,8.0,2.0,7.0,2.0,8.0,16.0,9.0,2.0,Justin,James,Justin,Defender,46.50000000000001,0.015,0.01,0.03225806451612903,0.021505376344086023,0.053763440860215055,1.0752688172043012,1.0752688172043012
334,180.0,0.0,0.0,125.0,2.0,0.09,0.01,1.0,1.0,0.0,0.0,0.0,2.0,4.0,4.0,4.0,16.0,10.0,11.0,1.0,Muharemović,Tarik,Muharemović,Defender,62.5,0.045,0.005,0.072,0.008,0.07999999999999999,0.8,0.0
335,180.0,1.0,0.0,122.0,4.0,0.17,0.060000000000000005,4.0,1.0,0.0,1.0,0.0,7.0,6.0,9.0,0.0,10.0,17.0,10.0,1.0,Stach,Anton,Stach,Midfielder,61.0,0.085,0.030000000000000002,0.13934426229508198,0.04918032786885246,0.18852459016393444,3.278688524590164,0.819672131147541
336,93.0,0.0,0.0,38.0,4.0,0.08,0.17,2.0,0.0,0.0,1.0,0.0,3.0,1.0,2.0,0.0,1.0,8.0,5.0,0.0,Okafor,Noah,Okafor,Midfielder,36.774193548387096,0.07741935483870968,0.1645161290322581,0.21052631578947367,0.44736842105263164,0.6578947368421052,5.263157894736842,2.631578947368421
337,127.0,0.0,0.0,44.0,0.0,0.01,0.02,1.0,1.0,0.0,0.0,0.0,2.0,0.0,7.0,0.0,1.0,9.0,14.0,2.0,Aaronson,Brenden,Aaronson,Midfielder,31.181102362204722,0.007086614173228346,0.014173228346456693,0.022727272727272728,0.045454545454545456,0.06818181818181818,2.272727272727273,0.0
338,180.0,0.0,0.0,128.0,0.0,0.01,0.13,1.0,0.0,0.0,3.0,0.0,4.0,5.0,8.0,1.0,5.0,8.0,11.0,0.0,Ampadu,Ethan,Ampadu,Midfielder,64.0,0.005,0.065,0.0078125,0.1015625,0.10937500000000001,0.78125,2.34375
339,8.0,0.0,0.0,2.0,0.0,0.0,0.0,0.0,0.0,0.0,0.0,0.0,0.0,0.0,0.0,0.0,0.0,0.0,0.0,0.0,Longstaff,Sean,Longstaff,Midfielder,22.5,0.0,0.0,0.0,0.0,0.0,0.0,0.0
341,0.0,0.0,0.0,0.0,0.0,0.0,0.0,0.0,0.0,0.0,0.0,0.0,0.0,0.0,0.0,0.0,0.0,0.0,0.0,0.0,Gnonto,Wilfried,Gnonto,Midfielder,,,,,,,,
343,22.0,0.0,0.0,16.0,2.0,0.24,0.01,4.0,0.0,0.0,0.0,0.0,0.0,0.0,2.0,0.0,0.0,1.0,3.0,0.0,James,Daniel,James,Midfielder,65.45454545454545,0.9818181818181817,0.04090909090909091,1.5,0.0625,1.5625,25.0,0.0
345,45.0,0.0,0.0,37.0,0.0,0.0,0.01,0.0,0.0,0.0,0.0,0.0,3.0,0.0,3.0,1.0,4.0,5.0,2.0,0.0,Tanaka,Tanaka,Ao,Midfielder,74.0,0.0,0.02,0.0,0.02702702702702703,0.02702702702702703,0.0,0.0
346,180.0,1.0,0.0,46.0,4.0,1.05,0.02,4.0,1.0,0.0,0.0,0.0,0.0,0.0,3.0,0.0,3.0,12.0,18.0,0.0,Calvert-Lewin,Dominic,Calvert-Lewin,Forward,23.0,0.525,0.01,2.282608695652174,0.043478260869565216,2.3260869565217392,8.695652173913043,0.0
347,21.0,0.0,1.0,9.0,2.0,0.1,0.0,1.0,0.0,0.0,2.0,0.0,0.0,0.0,1.0,0.0,0.0,2.0,2.0,0.0,Nmecha,Lukas,Nmecha,Forward,38.57142857142857,0.4285714285714286,0.0,1.1111111111111112,0.0,1.1111111111111112,11.11111111111111,22.22222222222222
350,180.0,0.0,0.0,62.0,0.0,0.0,0.0,0.0,0.0,0.0,0.0,0.0,0.0,0.0,10.0,0.0,4.0,0.0,1.0,0.0,A.Becker,Alisson,Becker,Goalkeeper,31.0,0.0,0.0,0.0,0.0,0.0,0.0,0.0
351,0.0,0.0,0.0,0.0,0.0,0.0,0.0,0.0,0.0,0.0,0.0,0.0,0.0,0.0,0.0,0.0,0.0,0.0,0.0,0.0,Mamardashvili,Giorgi,Mamardashvili,Goalkeeper,,,,,,,,
356,180.0,0.0,0.0,198.0,4.0,0.25,0.04,2.0,1.0,0.0,0.0,0.0,2.0,1.0,11.0,0.0,15.0,10.0,4.0,0.0,Virgil,Virgil,van Dijk,Defender,99.00000000000001,0.125,0.02,0.12626262626262627,0.0202020202020202,0.14646464646464646,1.0101010101010102,0.0
357,161.0,0.0,0.0,130.0,6.0,0.01,0.11,1.0,0.0,0.0,4.0,0.0,3.0,0.0,6.0,0.0,5.0,5.0,7.0,0.0,Frimpong,Jeremie,Frimpong,Defender,72.67080745341615,0.0055900621118012426,0.06149068322981366,0.007692307692307693,0.08461538461538462,0.0923076923076923,0.7692307692307693,3.076923076923077
358,161.0,0.0,0.0,119.0,2.0,0.02,0.03,2.0,1.0,0.0,2.0,0.0,4.0,2.0,7.0,3.0,6.0,9.0,10.0,3.0,Kerkez,Milos,Kerkez,Defender,66.52173913043478,0.011180124223602485,0.016770186335403725,0.01680672268907563,0.025210084033613446,0.04201680672268908,1.680672268907563,1.680672268907563
362,147.0,0.0,0.0,161.0,1.0,0.0,0.07,0.0,0.0,0.0,2.0,0.0,4.0,4.0,7.0,1.0,5.0,13.0,1.0,0.0,Jacquet,Jeremy,Jacquet,Defender,98.57142857142858,0.0,0.042857142857142864,0.0,0.043478260869565216,0.043478260869565216,0.0,1.2422360248447204
364,19.0,0.0,0.0,20.0,1.0,0.04,0.01,1.0,1.0,0.0,0.0,0.0,0.0,0.0,0.0,0.0,0.0,0.0,2.0,0.0,Tsimikas,Kostas,Tsimikas,Defender,94.73684210526315,0.18947368421052632,0.04736842105263158,0.2,0.05,0.25,5.0,0.0
366,153.0,0.0,1.0,115.0,6.0,0.49,0.24000000000000002,5.0,2.0,0.0,2.0,0.0,4.0,0.0,11.0,0.0,0.0,8.0,8.0,2.0,Wirtz,Florian,Wirtz,Midfielder,67.6470588235294,0.28823529411764703,0.14117647058823532,0.42608695652173917,0.20869565217391306,0.6347826086956522,4.3478260869565215,1.7391304347826086
367,161.0,1.0,1.0,98.0,13.0,0.3,0.8,6.0,1.0,0.0,5.0,0.0,3.0,4.0,7.0,0.0,1.0,8.0,13.0,2.0,Gakpo,Cody,Gakpo,Midfielder,54.78260869565218,0.16770186335403725,0.4472049689440994,0.30612244897959184,0.8163265306122449,1.1224489795918369,6.122448979591836,5.1020408163265305
368,180.0,1.0,0.0,205.0,1.0,1.01,0.4,6.0,1.0,0.0,5.0,0.0,4.0,2.0,11.0,2.0,1.0,8.0,13.0,1.0,Szoboszlai,Dominik,Szoboszlai,Midfielder,102.5,0.505,0.2,0.4926829268292683,0.19512195121951223,0.6878048780487805,2.9268292682926833,2.4390243902439024
369,82.0,0.0,0.0,39.0,2.0,0.04,0.05,1.0,0.0,0.0,0.0,0.0,1.0,0.0,2.0,0.0,0.0,4.0,6.0,2.0,Ngumoha,Rio,Ngumoha,Midfielder,42.80487804878049,0.04390243902439024,0.054878048780487805,0.10256410256410256,0.1282051282051282,0.23076923076923075,2.564102564102564,0.0
371,97.0,0.0,1.0,79.0,0.0,0.06,0.060000000000000005,2.0,0.0,0.0,2.0,0.0,2.0,2.0,8.0,0.0,0.0,6.0,8.0,7.0,Gravenberch,Ryan,Gravenberch,Midfielder,73.29896907216495,0.0556701030927835,0.05567010309278351,0.0759493670886076,0.07594936708860761,0.1518987341772152,2.5316455696202533,2.5316455696202533
372,104.0,0.0,0.0,89.0,0.0,0.0,0.4,0.0,0.0,0.0,0.0,0.0,5.0,0.0,6.0,0.0,2.0,10.0,11.0,0.0,Mac Allister,Alexis,Mac Allister,Midfielder,77.01923076923076,0.0,0.34615384615384615,0.0,0.44943820224719105,0.44943820224719105,0.0,0.0
374,0.0,0.0,0.0,0.0,0.0,0.0,0.0,0.0,0.0,0.0,0.0,0.0,0.0,0.0,0.0,0.0,0.0,0.0,0.0,0.0,Endo,Endo,Wataru,Midfielder,,,,,,,,
375,13.0,0.0,0.0,23.0,0.0,0.0,0.0,0.0,0.0,0.0,0.0,0.0,2.0,1.0,2.0,0.0,0.0,2.0,2.0,0.0,Nyoni,Trey,Nyoni,Midfielder,159.23076923076923,0.0,0.0,0.0,0.0,0.0,0.0,0.0
377,117.0,1.0,0.0,72.0,7.0,0.41000000000000003,0.23,6.0,1.0,0.0,1.0,0.0,2.0,3.0,1.0,1.0,0.0,7.0,11.0,1.0,Munoz,Victor,Munoz,Midfielder,55.38461538461539,0.31538461538461543,0.17692307692307693,0.5694444444444444,0.3194444444444445,0.8888888888888888,8.333333333333332,1.3888888888888888
378,0.0,0.0,0.0,0.0,0.0,0.0,0.0,0.0,0.0,0.0,0.0,0.0,0.0,0.0,0.0,0.0,0.0,0.0,0.0,0.0,McConnell,James,McConnell,Midfielder,,,,,,,,
379,180.0,1.0,0.0,42.0,12.0,2.08,0.01,7.0,3.0,0.0,2.0,0.0,1.0,0.0,0.0,1.0,0.0,7.0,7.0,2.0,Isak,Alexander,Isak,Forward,21.0,1.04,0.005,4.9523809523809526,0.023809523809523808,4.976190476190475,16.666666666666664,4.761904761904762
381,12.0,0.0,0.0,5.0,2.0,0.03,0.0,1.0,0.0,0.0,0.0,0.0,0.0,0.0,1.0,0.0,0.0,1.0,1.0,0.0,Koumas,Lewis,Koumas,Midfielder,37.5,0.225,0.0,0.6,0.0,0.6,20.0,0.0
384,180.0,0.0,0.0,72.0,0.0,0.0,0.0,0.0,0.0,0.0,0.0,0.0,0.0,0.0,12.0,0.0,1.0,0.0,0.0,0.0,Donnarumma,Gianluigi,Donnarumma,Goalkeeper,36.0,0.0,0.0,0.0,0.0,0.0,0.0,0.0
385,180.0,0.0,0.0,99.0,0.0,0.0,0.0,0.0,0.0,0.0,0.0,0.0,0.0,0.0,20.0,0.0,0.0,0.0,1.0,0.0,Trafford,James,Trafford,Goalkeeper,49.50000000000001,0.0,0.0,0.0,0.0,0.0,0.0,0.0
387,152.0,0.0,0.0,104.0,5.0,0.09000000000000001,0.43,2.0,0.0,0.0,1.0,0.0,2.0,0.0,7.0,0.0,1.0,6.0,10.0,3.0,O'Reilly,Nico,O'Reilly,Defender,61.578947368421055,0.05328947368421053,0.2546052631578947,0.08653846153846155,0.41346153846153844,0.5,1.9230769230769231,0.9615384615384616
388,180.0,1.0,0.0,199.0,4.0,0.89,0.36,2.0,1.0,0.0,2.0,0.0,3.0,2.0,8.0,0.0,4.0,13.0,4.0,1.0,Guéhi,Marc,Guéhi,Defender,99.5,0.44500000000000006,0.18,0.4472361809045226,0.18090452261306533,0.628140703517588,1.0050251256281406,1.0050251256281406
389,33.0,0.0,0.0,28.0,2.0,0.0,0.04,0.0,0.0,0.0,0.0,0.0,0.0,0.0,2.0,0.0,1.0,1.0,0.0,0.0,Matheus N.,Matheus,Nunes,Defender,76.36363636363636,0.0,0.10909090909090909,0.0,0.14285714285714285,0.14285714285714285,0.0,0.0
390,180.0,0.0,0.0,257.0,3.0,0.09,0.71,1.0,1.0,0.0,3.0,0.0,1.0,1.0,14.0,0.0,10.0,8.0,2.0,0.0,Rúben,Rúben,dos Santos Gato Alves Dias,Defender,128.5,0.045,0.355,0.03501945525291829,0.2762645914396887,0.311284046692607,0.38910505836575876,1.1673151750972763
391,165.0,1.0,1.0,157.0,2.0,0.19,0.09,1.0,1.0,0.0,2.0,0.0,3.0,4.0,5.0,0.0,2.0,10.0,9.0,0.0,Gvardiol,Joško,Gvardiol,Defender,85.63636363636364,0.10363636363636362,0.049090909090909095,0.12101910828025478,0.057324840764331204,0.178343949044586,0.6369426751592357,1.2738853503184715
392,0.0,0.0,0.0,0.0,0.0,0.0,0.0,0.0,0.0,0.0,0.0,0.0,0.0,0.0,0.0,0.0,0.0,0.0,0.0,0.0,Aït-Nouri,Rayan,Aït-Nouri,Defender,,,,,,,,
393,179.0,0.0,0.0,204.0,2.0,0.0,0.04,0.0,0.0,0.0,0.0,0.0,6.0,3.0,9.0,1.0,1.0,10.0,1.0,0.0,Khusanov,Abdukodir,Khusanov,Defender,102.56983240223462,0.0,0.02011173184357542,0.0,0.0196078431372549,0.0196078431372549,0.0,0.0
395,57.0,0.0,0.0,45.0,4.0,0.17,0.02,1.0,1.0,0.0,0.0,0.0,0.0,2.0,0.0,0.0,0.0,3.0,7.0,4.0,Lewis,Rico,Lewis,Defender,71.05263157894737,0.26842105263157895,0.031578947368421054,0.37777777777777777,0.044444444444444446,0.4222222222222223,2.2222222222222223,0.0
396,1.0,0.0,0.0,15.0,0.0,0.0,0.0,0.0,0.0,0.0,0.0,0.0,0.0,0.0,0.0,0.0,0.0,0.0,0.0,0.0,Vitor Reis,Vitor,de Oliveira Nunes dos Reis,Defender,1350.0,0.0,0.0,0.0,0.0,0.0,0.0,0.0
397,180.0,0.0,1.0,122.0,19.0,0.12,0.59,3.0,2.0,0.0,3.0,0.0,2.0,0.0,6.0,0.0,0.0,11.0,19.0,3.0,Semenyo,Antoine,Semenyo,Midfielder,61.0,0.06,0.295,0.09836065573770492,0.48360655737704916,0.5819672131147541,2.459016393442623,2.459016393442623
398,172.0,0.0,2.0,150.0,9.0,0.99,0.8500000000000001,5.0,0.0,0.0,5.0,0.0,4.0,0.0,7.0,0.0,2.0,12.0,13.0,3.0,Foden,Phil,Foden,Midfielder,78.48837209302326,0.5180232558139535,0.4447674418604652,0.66,0.5666666666666667,1.2266666666666668,3.3333333333333335,3.3333333333333335
399,109.0,2.0,2.0,103.0,8.0,0.35,1.05,3.0,3.0,0.0,7.0,0.0,0.0,0.0,3.0,0.0,0.0,3.0,11.0,3.0,Cherki,Rayan,Cherki,Midfielder,85.04587155963303,0.2889908256880734,0.8669724770642202,0.33980582524271846,1.0194174757281553,1.3592233009708738,2.912621359223301,6.796116504854369
401,90.0,0.0,0.0,37.0,4.0,0.17,0.07,3.0,1.0,0.0,3.0,0.0,1.0,0.0,3.0,0.0,0.0,6.0,6.0,0.0,Marmoush,Omar,Marmoush,Forward,37.0,0.17,0.07,0.45945945945945943,0.1891891891891892,0.6486486486486487,8.108108108108109,8.108108108108109
405,71.0,0.0,0.0,58.0,0.0,0.0,0.2,0.0,0.0,0.0,2.0,0.0,0.0,1.0,2.0,0.0,1.0,0.0,8.0,3.0,N.Gonzalez,Nico,González Iglesias,Midfielder,73.52112676056338,0.0,0.2535211267605634,0.0,0.3448275862068966,0.3448275862068966,0.0,3.4482758620689653
406,42.0,0.0,0.0,61.0,0.0,0.0,0.02,0.0,0.0,0.0,0.0,0.0,0.0,0.0,2.0,0.0,0.0,1.0,2.0,0.0,Kovačić,Mateo,Kovačić,Midfielder,130.71428571428572,0.0,0.04285714285714286,0.0,0.03278688524590164,0.03278688524590164,0.0,0.0
407,0.0,0.0,0.0,0.0,0.0,0.0,0.0,0.0,0.0,0.0,0.0,0.0,0.0,0.0,0.0,0.0,0.0,0.0,0.0,0.0,Echeverri,Claudio,Echeverri,Midfielder,,,,,,,,
411,180.0,2.0,0.0,45.0,13.0,1.4,0.02,10.0,5.0,0.0,0.0,0.0,0.0,0.0,5.0,0.0,3.0,6.0,7.0,4.0,Haaland,Erling,Haaland,Forward,22.5,0.7,0.01,3.111111111111111,0.044444444444444446,3.155555555555555,22.22222222222222,0.0
412,180.0,0.0,0.0,54.0,0.0,0.0,0.0,0.0,0.0,0.0,0.0,0.0,0.0,0.0,14.0,0.0,3.0,1.0,0.0,0.0,Lammens,Senne,Lammens,Goalkeeper,27.0,0.0,0.0,0.0,0.0,0.0,0.0,0.0
415,55.0,0.0,0.0,35.0,8.0,0.6499999999999999,0.04,5.0,1.0,0.0,1.0,0.0,1.0,1.0,0.0,0.0,1.0,4.0,6.0,0.0,Dorgu,Patrick,Dorgu,Midfielder,57.27272727272727,1.0636363636363635,0.06545454545454546,1.8571428571428568,0.1142857142857143,1.971428571428571,14.285714285714285,2.857142857142857
417,84.0,0.0,0.0,67.0,6.0,0.15,0.12,4.0,1.0,0.0,4.0,0.0,2.0,3.0,2.0,0.0,2.0,3.0,3.0,0.0,Dalot,Diogo,Dalot Teixeira,Defender,71.78571428571429,0.1607142857142857,0.12857142857142856,0.22388059701492538,0.1791044776119403,0.40298507462686567,5.970149253731343,5.970149253731343
418,180.0,0.0,0.0,147.0,7.0,0.07,0.41000000000000003,3.0,1.0,0.0,2.0,0.0,1.0,3.0,9.0,0.0,5.0,11.0,3.0,0.0,Maguire,Harry,Maguire,Defender,73.5,0.035,0.20500000000000002,0.04761904761904762,0.27891156462585037,0.326530612244898,2.0408163265306123,1.3605442176870748
419,90.0,0.0,0.0,96.0,1.0,0.03,0.06,1.0,0.0,0.0,0.0,0.0,0.0,0.0,6.0,0.0,0.0,3.0,2.0,1.0,Martinez,Lisandro,Martínez,Defender,96.0,0.03,0.06,0.03125,0.0625,0.09375,1.0416666666666665,0.0
420,16.0,0.0,0.0,21.0,0.0,0.0,0.01,0.0,0.0,0.0,0.0,0.0,0.0,2.0,1.0,0.0,0.0,0.0,3.0,0.0,Yoro,Leny,Yoro,Defender,118.125,0.0,0.05625,0.0,0.047619047619047616,0.047619047619047616,0.0,0.0
421,90.0,0.0,0.0,76.0,3.0,0.12,0.04,2.0,0.0,0.0,0.0,0.0,1.0,0.0,4.0,0.0,1.0,5.0,6.0,1.0,Heaven,Ayden,Heaven,Defender,76.0,0.12,0.04,0.15789473684210525,0.05263157894736842,0.21052631578947367,2.631578947368421,0.0
422,97.0,0.0,0.0,116.0,2.0,0.22,0.05,1.0,0.0,0.0,2.0,0.0,1.0,0.0,3.0,1.0,3.0,4.0,5.0,0.0,Mazraoui,Noussair,Mazraoui,Defender,107.62886597938144,0.20412371134020618,0.04639175257731959,0.1896551724137931,0.04310344827586207,0.2327586206896552,0.8620689655172413,1.7241379310344827
423,163.0,0.0,0.0,152.0,5.0,0.0,0.28,0.0,0.0,0.0,4.0,0.0,5.0,3.0,5.0,0.0,4.0,9.0,5.0,1.0,Shaw,Luke,Shaw,Defender,83.92638036809815,0.0,0.15460122699386503,0.0,0.1842105263157895,0.1842105263157895,0.0,2.631578947368421
426,180.0,3.0,1.0,200.0,8.0,2.1,0.74,11.0,4.0,0.0,6.0,0.0,2.0,0.0,10.0,1.0,1.0,4.0,6.0,1.0,B.Fernandes,Bruno,Borges Fernandes,Midfielder,100.0,1.05,0.37000000000000005,1.05,0.37,1.42,5.5,3.0
427,180.0,1.0,0.0,107.0,14.0,2.26,0.44,9.0,3.0,0.0,4.0,0.0,3.0,0.0,6.0,0.0,0.0,7.0,9.0,0.0,Mbeumo,Bryan,Mbeumo,Midfielder,53.5,1.13,0.22,2.11214953271028,0.411214953271028,2.523364485981308,8.411214953271028,3.7383177570093453
428,160.0,0.0,1.0,76.0,12.0,0.35,0.36,5.0,2.0,0.0,4.0,0.0,0.0,0.0,5.0,0.0,0.0,3.0,11.0,2.0,Cunha,Matheus,Santos Carneiro da Cunha,Midfielder,42.75,0.19687499999999997,0.20249999999999999,0.4605263157894736,0.4736842105263157,0.9342105263157895,6.578947368421052,5.263157894736842
429,125.0,0.0,0.0,84.0,9.0,0.26,0.15000000000000002,4.0,2.0,0.0,7.0,0.0,3.0,0.0,4.0,0.0,0.0,9.0,6.0,0.0,Rashford,Marcus,Rashford,Midfielder,60.480000000000004,0.18720000000000003,0.10800000000000001,0.30952380952380953,0.17857142857142858,0.48809523809523814,4.761904761904762,8.333333333333332
432,103.0,0.0,0.0,101.0,1.0,0.21000000000000002,0.28,4.0,0.0,0.0,0.0,0.0,3.0,2.0,11.0,0.0,0.0,10.0,4.0,0.0,Mainoo,Kobbie,Mainoo,Midfielder,88.25242718446601,0.18349514563106795,0.24466019417475732,0.20792079207920794,0.27722772277227725,0.48514851485148525,3.9603960396039604,0.0
435,10.0,0.0,0.0,7.0,0.0,0.0,0.0,0.0,0.0,0.0,0.0,0.0,0.0,0.0,1.0,0.0,0.0,0.0,0.0,0.0,Lacey,Shea,Lacey,Midfielder,62.99999999999999,0.0,0.0,0.0,0.0,0.0,0.0,0.0
439,33.0,0.0,0.0,15.0,4.0,0.04,0.01,1.0,0.0,0.0,1.0,0.0,0.0,0.0,3.0,0.0,0.0,1.0,6.0,1.0,Šeško,Benjamin,Sesko,Forward,40.90909090909091,0.10909090909090909,0.02727272727272727,0.26666666666666666,0.06666666666666667,0.33333333333333337,6.666666666666667,6.666666666666667
440,0.0,0.0,0.0,0.0,0.0,0.0,0.0,0.0,0.0,0.0,0.0,0.0,0.0,0.0,0.0,0.0,0.0,0.0,0.0,0.0,Zirkzee,Joshua,Zirkzee,Forward,,,,,,,,
444,0.0,0.0,0.0,0.0,0.0,0.0,0.0,0.0,0.0,0.0,0.0,0.0,0.0,0.0,0.0,0.0,0.0,0.0,0.0,0.0,Jaouen,Ewen,Jaouen,Goalkeeper,,,,,,,,
445,180.0,0.0,0.0,93.0,0.0,0.0,0.02,0.0,0.0,0.0,0.0,0.0,0.0,0.0,3.0,6.0,12.0,8.0,7.0,0.0,Thiaw,Malick,Thiaw,Defender,46.50000000000001,0.0,0.01,0.0,0.021505376344086023,0.021505376344086023,0.0,0.0
446,1.0,0.0,0.0,0.0,0.0,0.0,0.0,0.0,0.0,0.0,0.0,0.0,0.0,0.0,0.0,0.0,0.0,0.0,0.0,0.0,Schär,Fabian,Schär,Defender,0.0,0.0,0.0,,,,,
447,180.0,0.0,0.0,110.0,0.0,0.01,0.01,1.0,0.0,0.0,0.0,0.0,1.0,0.0,6.0,4.0,10.0,6.0,2.0,1.0,Botman,Sven,Botman,Defender,55.00000000000001,0.005,0.005,0.009090909090909092,0.009090909090909092,0.018181818181818184,0.9090909090909091,0.0
449,180.0,0.0,0.0,129.0,1.0,0.03,0.6599999999999999,1.0,0.0,0.0,2.0,0.0,7.0,3.0,14.0,5.0,9.0,12.0,8.0,0.0,Hall,Lewis,Hall,Defender,64.5,0.015,0.32999999999999996,0.023255813953488372,0.5116279069767441,0.5348837209302325,0.7751937984496124,1.550387596899225
452,19.0,0.0,0.0,22.0,1.0,0.0,0.01,0.0,0.0,0.0,0.0,0.0,0.0,0.0,3.0,0.0,0.0,0.0,1.0,1.0,Bruno G.,Bruno,Guimarães Rodriguez Moura,Midfielder,104.21052631578948,0.0,0.04736842105263158,0.0,0.045454545454545456,0.045454545454545456,0.0,0.0
453,179.0,0.0,0.0,63.0,6.0,0.11000000000000001,0.03,2.0,0.0,0.0,2.0,0.0,3.0,0.0,4.0,0.0,5.0,7.0,8.0,2.0,Barnes,Harvey,Barnes,Midfielder,31.675977653631286,0.05530726256983241,0.015083798882681564,0.17460317460317462,0.047619047619047616,0.2222222222222222,3.1746031746031744,3.1746031746031744
454,158.0,2.0,0.0,62.0,9.0,0.42000000000000004,0.11,4.0,3.0,0.0,1.0,0.0,2.0,0.0,2.0,0.0,1.0,9.0,5.0,0.0,Elanga,Anthony,Elanga,Midfielder,35.31645569620253,0.23924050632911398,0.06265822784810127,0.6774193548387097,0.1774193548387097,0.8548387096774194,6.451612903225806,1.6129032258064515
455,165.0,0.0,0.0,117.0,1.0,0.09,0.08,3.0,1.0,0.0,2.0,0.0,1.0,1.0,6.0,0.0,0.0,4.0,3.0,1.0,Tonali,Sandro,Tonali,Midfielder,63.81818181818182,0.049090909090909095,0.04363636363636363,0.07692307692307693,0.06837606837606838,0.14529914529914528,2.564102564102564,1.7094017094017095
456,42.0,0.0,0.0,33.0,1.0,0.06,0.14,1.0,0.0,0.0,0.0,0.0,2.0,1.0,2.0,1.0,1.0,3.0,3.0,0.0,J.Ramsey,Jacob,Ramsey,Midfielder,70.71428571428571,0.12857142857142856,0.30000000000000004,0.18181818181818182,0.4242424242424243,0.6060606060606061,3.0303030303030303,0.0
457,22.0,0.0,0.0,13.0,2.0,0.0,0.2,0.0,0.0,0.0,0.0,0.0,1.0,0.0,3.0,0.0,1.0,1.0,2.0,0.0,J.Murphy,Jacob,Murphy,Midfielder,53.18181818181819,0.0,0.8181818181818183,0.0,1.5384615384615385,1.5384615384615385,0.0,0.0
459,166.0,0.0,0.0,109.0,1.0,0.05,0.05,1.0,0.0,0.0,3.0,0.0,1.0,2.0,12.0,1.0,6.0,8.0,4.0,0.0,L.Miley,Lewis,Miley,Midfielder,59.09638554216867,0.027108433734939763,0.027108433734939763,0.045871559633027525,0.045871559633027525,0.09174311926605505,0.9174311926605505,2.7522935779816518
460,105.0,1.0,0.0,44.0,2.0,0.16,0.19,4.0,1.0,0.0,1.0,0.0,2.0,0.0,2.0,0.0,1.0,3.0,10.0,2.0,Willock,Joe,Willock,Midfielder,37.714285714285715,0.13714285714285715,0.16285714285714287,0.36363636363636365,0.4318181818181818,0.7954545454545454,9.090909090909092,2.272727272727273
461,1.0,0.0,0.0,2.0,0.0,0.0,0.0,0.0,0.0,0.0,0.0,0.0,0.0,0.0,0.0,0.0,0.0,0.0,0.0,0.0,Touré,Bazoumana,Touré,Midfielder,180.0,0.0,0.0,0.0,0.0,0.0,0.0,0.0
462,75.0,0.0,0.0,43.0,0.0,0.0,0.0,0.0,0.0,0.0,0.0,0.0,0.0,0.0,2.0,0.0,3.0,0.0,1.0,1.0,Steur,Sean,Steur,Midfielder,51.6,0.0,0.0,0.0,0.0,0.0,0.0,0.0
463,19.0,0.0,1.0,11.0,4.0,0.02,0.01,1.0,0.0,0.0,1.0,0.0,0.0,0.0,0.0,0.0,0.0,5.0,3.0,1.0,Woltemade,Nick,Woltemade,Forward,52.10526315789474,0.09473684210526316,0.04736842105263158,0.18181818181818182,0.09090909090909091,0.2727272727272727,9.090909090909092,9.090909090909092
464,171.0,1.0,1.0,66.0,8.0,1.35,0.02,6.0,2.0,0.0,2.0,0.0,5.0,0.0,7.0,0.0,2.0,18.0,14.0,5.0,Wissa,Yoane,Wissa,Forward,34.73684210526316,0.7105263157894737,0.010526315789473684,2.0454545454545454,0.030303030303030304,2.075757575757576,9.090909090909092,3.0303030303030303
465,56.0,0.0,1.0,20.0,2.0,0.06,0.14,2.0,0.0,0.0,1.0,0.0,1.0,0.0,2.0,2.0,0.0,1.0,5.0,1.0,Osula,William,Osula,Forward,32.142857142857146,0.09642857142857143,0.225,0.3,0.7000000000000001,1.0,10.0,5.0
467,180.0,0.0,0.0,79.0,0.0,0.0,0.01,0.0,0.0,0.0,0.0,0.0,0.0,0.0,15.0,0.0,3.0,3.0,0.0,0.0,Sels,Matz,Sels,Goalkeeper,39.5,0.0,0.005,0.0,0.012658227848101267,0.012658227848101267,0.0,0.0
468,0.0,0.0,0.0,0.0,0.0,0.0,0.0,0.0,0.0,0.0,0.0,0.0,0.0,0.0,0.0,0.0,0.0,0.0,0.0,0.0,John,John Victor,Maciel Furtado,Goalkeeper,,,,,,,,
469,180.0,0.0,0.0,112.0,5.0,0.12,0.16999999999999998,1.0,0.0,0.0,2.0,0.0,9.0,0.0,11.0,3.0,6.0,15.0,11.0,1.0,N.Williams,Neco,Williams,Defender,56.0,0.06,0.08499999999999999,0.10714285714285715,0.15178571428571427,0.2589285714285714,0.8928571428571428,1.7857142857142856
471,180.0,0.0,0.0,89.0,5.0,0.11,0.02,2.0,0.0,0.0,0.0,0.0,3.0,3.0,9.0,0.0,14.0,12.0,11.0,2.0,Milenković,Nikola,Milenković,Defender,44.5,0.055,0.01,0.12359550561797752,0.02247191011235955,0.14606741573033707,2.247191011235955,0.0
472,179.0,0.0,0.0,111.0,1.0,0.18,0.28,1.0,0.0,0.0,2.0,0.0,2.0,1.0,6.0,1.0,16.0,7.0,9.0,1.0,Murillo,Murillo,Costa dos Santos,Defender,55.81005586592178,0.09050279329608939,0.14078212290502795,0.16216216216216214,0.2522522522522523,0.41441441441441446,0.9009009009009009,1.8018018018018018
473,160.0,0.0,0.0,119.0,3.0,0.04,0.56,2.0,1.0,0.0,4.0,0.0,2.0,1.0,8.0,0.0,4.0,10.0,10.0,2.0,Aina,Ola,Aina,Defender,66.9375,0.0225,0.31500000000000006,0.03361344537815126,0.4705882352941177,0.504201680672269,1.680672268907563,3.361344537815126
474,180.0,0.0,0.0,93.0,0.0,0.0,0.0,0.0,0.0,0.0,0.0,0.0,3.0,1.0,3.0,2.0,10.0,9.0,9.0,0.0,Jair Cunha,Jair,Paula da Cunha Filho,Defender,46.50000000000001,0.0,0.0,0.0,0.0,0.0,0.0,0.0
477,0.0,0.0,0.0,0.0,0.0,0.0,0.0,0.0,0.0,0.0,0.0,0.0,0.0,0.0,0.0,0.0,0.0,0.0,0.0,0.0,Abbott,Zach,Abbott,Defender,,,,,,,,
478,20.0,0.0,0.0,15.0,0.0,0.0,0.0,0.0,0.0,0.0,0.0,0.0,1.0,0.0,1.0,0.0,0.0,1.0,2.0,0.0,Netz,Luca,Netz,Defender,67.5,0.0,0.0,0.0,0.0,0.0,0.0,0.0
480,180.0,1.0,1.0,111.0,7.0,0.92,0.1,4.0,1.0,0.0,1.0,0.0,2.0,1.0,4.0,0.0,1.0,10.0,11.0,3.0,Gibbs-White,Morgan,Gibbs-White,Midfielder,55.5,0.46,0.05,0.8288288288288289,0.09009009009009009,0.9189189189189189,3.6036036036036037,0.9009009009009009
481,145.0,0.0,0.0,197.0,1.0,0.07,0.47,2.0,1.0,0.0,2.0,0.0,7.0,4.0,8.0,0.0,1.0,12.0,11.0,3.0,Anderson,Elliot,Anderson,Midfielder,122.27586206896552,0.04344827586206897,0.29172413793103447,0.03553299492385787,0.23857868020304568,0.2741116751269036,1.015228426395939,1.015228426395939
482,1.0,0.0,0.0,5.0,0.0,0.0,0.0,0.0,0.0,0.0,0.0,0.0,0.0,0.0,0.0,0.0,0.0,0.0,3.0,1.0,Hudson-Odoi,Callum,Hudson-Odoi,Midfielder,450.0,0.0,0.0,0.0,0.0,0.0,0.0,0.0
483,128.0,1.0,0.0,51.0,7.0,0.35,0.63,3.0,1.0,0.0,2.0,0.0,1.0,1.0,9.0,0.0,1.0,6.0,8.0,2.0,Ndoye,Dan,Ndoye,Midfielder,35.859375,0.24609374999999997,0.44296875,0.6862745098039216,1.2352941176470589,1.9215686274509802,5.88235294117647,3.9215686274509802
486,163.0,0.0,0.0,105.0,0.0,0.0,0.41000000000000003,0.0,0.0,0.0,4.0,0.0,2.0,0.0,10.0,0.0,4.0,12.0,5.0,1.0,McAtee,James,McAtee,Midfielder,57.97546012269938,0.0,0.22638036809815953,0.0,0.39047619047619053,0.39047619047619053,0.0,3.8095238095238098
487,1.0,0.0,0.0,3.0,0.0,0.0,0.0,0.0,0.0,0.0,0.0,0.0,0.0,0.0,0.0,0.0,0.0,0.0,1.0,1.0,Dominguez,Nicolás,Domínguez,Midfielder,270.0,0.0,0.0,0.0,0.0,0.0,0.0,0.0
488,90.0,0.0,0.0,61.0,1.0,0.03,0.01,1.0,0.0,0.0,1.0,0.0,0.0,0.0,3.0,3.0,0.0,5.0,2.0,0.0,I.Sangaré,Ibrahim,Sangaré,Midfielder,61.0,0.03,0.01,0.04918032786885246,0.01639344262295082,0.06557377049180328,1.639344262295082,1.639344262295082
489,0.0,0.0,0.0,0.0,0.0,0.0,0.0,0.0,0.0,0.0,0.0,0.0,0.0,0.0,0.0,0.0,0.0,0.0,0.0,0.0,Yates,Ryan,Yates,Midfielder,,,,,,,,
490,28.0,0.0,0.0,9.0,1.0,0.12,0.01,1.0,0.0,0.0,0.0,0.0,0.0,0.0,1.0,0.0,0.0,2.0,3.0,0.0,Wood,Chris,Wood,Forward,28.92857142857143,0.38571428571428573,0.03214285714285714,1.3333333333333333,0.1111111111111111,1.4444444444444446,11.11111111111111,0.0
491,179.0,0.0,0.0,91.0,11.0,0.96,0.06,6.0,2.0,0.0,1.0,0.0,1.0,0.0,2.0,0.0,5.0,21.0,24.0,3.0,Igor Jesus,Igor Jesus,Maciel da Cruz,Forward,45.754189944134076,0.48268156424581005,0.030167597765363128,1.054945054945055,0.06593406593406594,1.120879120879121,6.593406593406594,1.098901098901099
492,110.0,0.0,0.0,32.0,7.0,0.93,0.03,4.0,2.0,0.0,2.0,0.0,0.0,0.0,3.0,0.0,1.0,4.0,5.0,1.0,Awoniyi,Taiwo,Awoniyi,Forward,26.18181818181818,0.7609090909090909,0.024545454545454547,2.90625,0.09375,3.0000000000000004,12.5,6.25
493,1.0,0.0,0.0,0.0,0.0,0.0,0.0,0.0,0.0,0.0,0.0,0.0,0.0,0.0,0.0,0.0,0.0,0.0,0.0,0.0,Kalimuendo,Arnaud,Kalimuendo,Forward,0.0,0.0,0.0,,,,,
496,180.0,0.0,0.0,105.0,0.0,0.0,0.0,0.0,0.0,0.0,0.0,0.0,0.0,0.0,18.0,0.0,4.0,1.0,2.0,0.0,Kinsky,Antonín,Kinský,Goalkeeper,52.5,0.0,0.0,0.0,0.0,0.0,0.0,0.0
497,0.0,0.0,0.0,0.0,0.0,0.0,0.0,0.0,0.0,0.0,0.0,0.0,0.0,0.0,0.0,0.0,0.0,0.0,0.0,0.0,Dubravka,Martin,Dubravka,Goalkeeper,,,,,,,,
498,90.0,0.0,0.0,104.0,0.0,0.0,0.02,0.0,0.0,0.0,0.0,0.0,5.0,1.0,2.0,2.0,8.0,12.0,8.0,0.0,Senesi,Marcos,Senesi Barón,Defender,103.99999999999999,0.0,0.02,0.0,0.019230769230769232,0.019230769230769232,0.0,0.0
499,90.0,0.0,0.0,55.0,7.0,0.33,0.1,4.0,1.0,0.0,0.0,0.0,1.0,0.0,2.0,0.0,3.0,5.0,4.0,1.0,Pedro Porro,Pedro,Porro Sauceda,Defender,55.00000000000001,0.33,0.1,0.6,0.18181818181818182,0.781818181818182,7.2727272727272725,0.0
501,0.0,0.0,0.0,0.0,0.0,0.0,0.0,0.0,0.0,0.0,0.0,0.0,0.0,0.0,0.0,0.0,0.0,0.0,0.0,0.0,Danso,Kevin,Danso,Defender,,,,,,,,
502,158.0,0.0,0.0,128.0,6.0,0.06,0.08,1.0,1.0,0.0,2.0,0.0,3.0,2.0,4.0,2.0,7.0,7.0,2.0,0.0,Robertson,Andrew,Robertson,Defender,72.9113924050633,0.03417721518987342,0.04556962025316456,0.046875,0.0625,0.10937500000000001,0.78125,1.5625
503,90.0,0.0,0.0,88.0,0.0,0.0,0.02,0.0,0.0,0.0,0.0,0.0,1.0,1.0,4.0,0.0,6.0,4.0,2.0,0.0,Van de Ven,Micky,van de Ven,Defender,88.0,0.0,0.02,0.0,0.022727272727272728,0.022727272727272728,0.0,0.0
504,180.0,0.0,0.0,223.0,4.0,0.16,0.05,4.0,0.0,0.0,0.0,0.0,1.0,0.0,5.0,1.0,10.0,10.0,8.0,1.0,Vuskovic,Luka,Vušković,Defender,111.5,0.08,0.025,0.07174887892376682,0.02242152466367713,0.09417040358744395,1.7937219730941705,0.0
506,26.0,0.0,0.0,33.0,1.0,0.0,0.21,0.0,0.0,0.0,1.0,0.0,1.0,0.0,3.0,0.0,0.0,2.0,2.0,0.0,Udogie,Destiny,Udogie,Defender,114.23076923076923,0.0,0.7269230769230769,0.0,0.6363636363636362,0.6363636363636362,0.0,3.0303030303030303
508,0.0,0.0,0.0,0.0,0.0,0.0,0.0,0.0,0.0,0.0,0.0,0.0,0.0,0.0,0.0,0.0,0.0,0.0,0.0,0.0,Davies,Ben,Davies,Defender,,,,,,,,
512,22.0,0.0,0.0,25.0,4.0,0.04,0.01,1.0,0.0,0.0,0.0,0.0,0.0,0.0,2.0,0.0,0.0,1.0,1.0,1.0,Kudus,Mohammed,Kudus,Midfielder,102.27272727272728,0.16363636363636364,0.04090909090909091,0.16,0.04,0.2,4.0,0.0
514,158.0,0.0,0.0,106.0,11.0,0.2,0.09,5.0,1.0,0.0,2.0,0.0,1.0,0.0,9.0,0.0,1.0,9.0,16.0,7.0,Tel,Mathys,Tel,Midfielder,60.37974683544304,0.11392405063291139,0.05126582278481013,0.18867924528301888,0.08490566037735849,0.2735849056603774,4.716981132075472,1.8867924528301887
515,22.0,0.0,0.0,29.0,4.0,0.0,0.01,0.0,0.0,0.0,0.0,0.0,0.0,0.0,1.0,0.0,1.0,2.0,6.0,1.0,Maddison,James,Maddison,Midfielder,118.63636363636363,0.0,0.04090909090909091,0.0,0.034482758620689655,0.034482758620689655,0.0,0.0
516,135.0,0.0,0.0,104.0,0.0,0.0,0.03,0.0,0.0,0.0,1.0,0.0,5.0,1.0,8.0,1.0,1.0,8.0,16.0,2.0,Bentancur,Rodrigo,Bentancur,Midfielder,69.33333333333333,0.0,0.019999999999999997,0.0,0.028846153846153844,0.028846153846153844,0.0,0.9615384615384616
519,45.0,0.0,0.0,27.0,0.0,0.02,0.06,1.0,0.0,0.0,0.0,0.0,1.0,0.0,2.0,0.0,0.0,2.0,3.0,0.0,Gallagher,Conor,Gallagher,Midfielder,54.0,0.04,0.12,0.07407407407407407,0.2222222222222222,0.2962962962962963,3.7037037037037033,0.0
520,45.0,0.0,0.0,27.0,1.0,0.0,0.01,0.0,0.0,0.0,0.0,0.0,1.0,0.0,7.0,0.0,0.0,2.0,2.0,1.0,Bergvall,Lucas,Bergvall,Midfielder,54.0,0.0,0.02,0.0,0.037037037037037035,0.037037037037037035,0.0,0.0
522,154.0,0.0,0.0,80.0,0.0,0.0,0.01,0.0,0.0,0.0,0.0,0.0,1.0,2.0,5.0,0.0,3.0,7.0,3.0,1.0,Gray,Archie,Gray,Midfielder,46.75324675324675,0.0,0.005844155844155844,0.0,0.0125,0.0125,0.0,0.0
523,90.0,0.0,0.0,33.0,5.0,0.4,0.02,4.0,3.0,0.0,0.0,0.0,1.0,0.0,2.0,0.0,0.0,4.0,3.0,0.0,Moore,Mikey,Moore,Midfielder,33.0,0.4,0.02,1.2121212121212122,0.06060606060606061,1.2727272727272727,12.121212121212121,0.0
525,135.0,0.0,0.0,113.0,1.0,0.01,0.23,1.0,0.0,0.0,5.0,0.0,4.0,0.0,6.0,0.0,0.0,6.0,6.0,1.0,Fernandes,Mateus,Fernandes,Midfielder,75.33333333333333,0.006666666666666666,0.15333333333333335,0.008849557522123894,0.20353982300884954,0.21238938053097348,0.8849557522123894,4.424778761061947
526,37.0,0.0,0.0,10.0,3.0,0.27,0.0,2.0,1.0,0.0,0.0,0.0,0.0,0.0,0.0,0.0,0.0,2.0,5.0,1.0,Solanke,Dominic,Solanke-Mitchell,Forward,24.324324324324326,0.6567567567567567,0.0,2.7,0.0,2.7,20.0,0.0
527,68.0,0.0,0.0,17.0,0.0,0.0,0.0,0.0,0.0,0.0,0.0,0.0,0.0,0.0,0.0,0.0,1.0,2.0,9.0,1.0,Richarlison,Richarlison,de Andrade,Forward,22.5,0.0,0.0,0.0,0.0,0.0,0.0,0.0
529,180.0,0.0,0.0,99.0,0.0,0.0,0.0,0.0,0.0,0.0,0.0,0.0,0.0,0.0,15.0,0.0,3.0,3.0,0.0,0.0,Roefs,Robin,Roefs,Goalkeeper,49.50000000000001,0.0,0.0,0.0,0.0,0.0,0.0,0.0
531,0.0,0.0,0.0,0.0,0.0,0.0,0.0,0.0,0.0,0.0,0.0,0.0,0.0,0.0,0.0,0.0,0.0,0.0,0.0,0.0,Ellborg,Melker,Ellborg,Goalkeeper,,,,,,,,
532,180.0,0.0,0.0,136.0,2.0,0.03,0.01,1.0,0.0,0.0,0.0,0.0,3.0,1.0,1.0,1.0,14.0,13.0,15.0,0.0,Ballard,Daniel,Ballard,Defender,68.0,0.015,0.005,0.022058823529411763,0.007352941176470589,0.029411764705882356,0.7352941176470588,0.0
533,90.0,0.0,0.0,74.0,1.0,0.0,0.01,0.0,0.0,0.0,0.0,0.0,2.0,1.0,4.0,2.0,14.0,5.0,2.0,0.0,Mukiele,Nordi,Mukiele,Defender,74.0,0.0,0.01,0.0,0.013513513513513514,0.013513513513513514,0.0,0.0
534,170.0,0.0,0.0,76.0,6.0,0.04,0.28,2.0,0.0,0.0,4.0,0.0,7.0,1.0,10.0,1.0,1.0,11.0,10.0,2.0,Hume,Trai,Hume,Defender,40.23529411764706,0.021176470588235293,0.14823529411764708,0.05263157894736842,0.368421052631579,0.42105263157894735,2.631578947368421,5.263157894736842
535,23.0,0.0,0.0,38.0,0.0,0.0,0.01,0.0,0.0,0.0,0.0,0.0,0.0,0.0,2.0,0.0,0.0,1.0,0.0,0.0,Alderete,Omar,Alderete,Defender,148.69565217391303,0.0,0.0391304347826087,0.0,0.02631578947368421,0.02631578947368421,0.0,0.0
536,180.0,0.0,0.0,142.0,3.0,0.0,0.3,0.0,0.0,0.0,2.0,0.0,4.0,4.0,8.0,1.0,6.0,14.0,13.0,2.0,Reinildo,Reinildo,Mandava,Defender,71.0,0.0,0.15,0.0,0.21126760563380279,0.21126760563380279,0.0,1.4084507042253522
539,67.0,0.0,0.0,70.0,1.0,0.01,0.01,1.0,0.0,0.0,0.0,0.0,1.0,0.0,4.0,1.0,3.0,2.0,4.0,0.0,O'Nien,Luke,O'Nien,Defender,94.02985074626865,0.013432835820895522,0.013432835820895522,0.014285714285714287,0.014285714285714287,0.028571428571428574,1.4285714285714286,0.0
541,180.0,0.0,0.0,146.0,2.0,0.1,0.13,3.0,2.0,0.0,1.0,0.0,2.0,3.0,8.0,0.0,7.0,5.0,4.0,0.0,Meunier,Thomas,Meunier,Defender,73.0,0.05,0.065,0.0684931506849315,0.08904109589041097,0.15753424657534248,2.054794520547945,0.684931506849315
542,169.0,0.0,0.0,103.0,5.0,0.37,0.2,4.0,1.0,0.0,1.0,0.0,2.0,1.0,5.0,0.0,0.0,8.0,14.0,2.0,E.Le Fée,Enzo,Le Fée,Midfielder,54.85207100591716,0.19704142011834322,0.10650887573964497,0.3592233009708738,0.19417475728155342,0.5533980582524273,3.8834951456310676,0.9708737864077669
543,28.0,0.0,1.0,12.0,0.0,0.03,0.16,1.0,0.0,0.0,1.0,0.0,0.0,0.0,0.0,0.0,0.0,1.0,2.0,0.0,Diarra,Habib,Diarra,Midfielder,38.57142857142857,0.09642857142857143,0.5142857142857142,0.25,1.3333333333333335,1.5833333333333335,8.333333333333332,8.333333333333332
544,180.0,0.0,0.0,167.0,0.0,0.0,0.44999999999999996,0.0,0.0,0.0,6.0,0.0,3.0,2.0,14.0,1.0,0.0,13.0,6.0,2.0,Xhaka,Granit,Xhaka,Midfielder,83.5,0.0,0.22499999999999998,0.0,0.26946107784431134,0.26946107784431134,0.0,3.592814371257485
545,180.0,0.0,0.0,135.0,7.0,0.08,0.05,2.0,1.0,0.0,2.0,0.0,3.0,2.0,4.0,1.0,3.0,13.0,6.0,2.0,Sadiki,Noah,Sadiki,Midfielder,67.5,0.04,0.025,0.05925925925925926,0.03703703703703704,0.0962962962962963,1.4814814814814816,1.4814814814814816
547,1.0,0.0,0.0,7.0,1.0,0.17,0.0,1.0,1.0,0.0,0.0,0.0,0.0,0.0,0.0,1.0,0.0,0.0,1.0,0.0,Mundle,Romaine,Mundle,Midfielder,630.0,15.3,0.0,2.428571428571429,0.0,2.428571428571429,14.285714285714285,0.0
548,17.0,0.0,0.0,5.0,0.0,0.0,0.0,0.0,0.0,0.0,0.0,0.0,0.0,0.0,1.0,0.0,0.0,0.0,1.0,0.0,Rigg,Chris,Rigg,Midfielder,26.47058823529412,0.0,0.0,0.0,0.0,0.0,0.0,0.0
549,31.0,0.0,0.0,16.0,0.0,0.0,0.0,0.0,0.0,0.0,0.0,0.0,0.0,0.0,2.0,0.0,0.0,0.0,3.0,1.0,Talbi,Chemsdine,Talbi,Midfielder,46.45161290322581,0.0,0.0,0.0,0.0,0.0,0.0,0.0
550,0.0,0.0,0.0,0.0,0.0,0.0,0.0,0.0,0.0,0.0,0.0,0.0,0.0,0.0,0.0,0.0,0.0,0.0,0.0,0.0,Jocelin.T,Djiamgone Jocelin Ta,Bi,Midfielder,,,,,,,,
551,124.0,1.0,0.0,75.0,2.0,0.15,0.05,2.0,1.0,0.0,1.0,0.0,2.0,1.0,9.0,0.0,0.0,11.0,12.0,3.0,Angulo,Nilson,Angulo,Midfielder,54.435483870967744,0.10887096774193548,0.036290322580645164,0.2,0.06666666666666668,0.2666666666666667,2.666666666666667,1.3333333333333335
552,131.0,0.0,0.0,24.0,4.0,0.32999999999999996,0.0,3.0,1.0,0.0,0.0,0.0,0.0,0.0,3.0,0.0,1.0,5.0,6.0,2.0,Brobbey,Brian,Brobbey,Forward,16.48854961832061,0.22671755725190837,0.0,1.3749999999999998,0.0,1.3749999999999998,12.5,0.0
553,49.0,1.0,0.0,12.0,3.0,1.39,0.0,3.0,1.0,0.0,0.0,0.0,0.0,0.0,0.0,0.0,0.0,2.0,6.0,1.0,Isidor,Wilson,Isidor,Forward,22.04081632653061,2.5530612244897957,0.0,11.583333333333332,0.0,11.583333333333332,25.0,0.0
556,5.0,0.0,0.0,7.0,0.0,0.0,0.0,0.0,0.0,0.0,0.0,0.0,0.0,0.0,1.0,0.0,0.0,0.0,0.0,0.0,Targett,Matt,Targett,Defender,125.99999999999999,0.0,0.0,0.0,0.0,0.0,0.0,0.0
557,121.0,0.0,0.0,76.0,10.0,0.19,0.15000000000000002,4.0,2.0,0.0,4.0,0.0,1.0,0.0,5.0,0.0,3.0,5.0,9.0,1.0,Tzolis,Christos,Tzolis,Midfielder,56.52892561983471,0.14132231404958678,0.1115702479338843,0.25,0.19736842105263164,0.44736842105263164,5.263157894736842,5.263157894736842
558,106.0,0.0,0.0,57.0,2.0,0.05,0.0,2.0,0.0,0.0,0.0,0.0,5.0,0.0,8.0,1.0,2.0,8.0,3.0,0.0,Schlager,Xaver,Schlager,Midfielder,48.39622641509434,0.04245283018867924,0.0,0.08771929824561403,0.0,0.08771929824561403,3.508771929824561,0.0
559,14.0,0.0,0.0,5.0,0.0,0.0,0.0,0.0,0.0,0.0,0.0,0.0,1.0,0.0,0.0,0.0,1.0,2.0,1.0,0.0,Bamba,Aladji,Bamba,Midfielder,32.142857142857146,0.0,0.0,0.0,0.0,0.0,0.0,0.0
560,0.0,0.0,0.0,0.0,0.0,0.0,0.0,0.0,0.0,0.0,0.0,0.0,0.0,0.0,0.0,0.0,0.0,0.0,0.0,0.0,Penders,Mike,Penders,Goalkeeper,,,,,,,,
562,153.0,0.0,0.0,54.0,3.0,0.6699999999999999,0.01,2.0,1.0,0.0,0.0,0.0,5.0,0.0,3.0,1.0,5.0,6.0,10.0,0.0,Maeda,Daizen,Maeda,Midfielder,31.764705882352942,0.3941176470588235,0.005882352941176471,1.2407407407407407,0.018518518518518517,1.259259259259259,3.7037037037037033,0.0
563,45.0,0.0,0.0,21.0,0.0,0.0,0.0,0.0,0.0,0.0,1.0,0.0,0.0,0.0,1.0,1.0,1.0,3.0,2.0,0.0,Morita,Hidemasa,Morita,Midfielder,42.0,0.0,0.0,0.0,0.0,0.0,0.0,4.761904761904762
564,180.0,0.0,0.0,99.0,0.0,0.0,0.01,0.0,0.0,0.0,0.0,0.0,0.0,1.0,23.0,0.0,4.0,2.0,0.0,0.0,Scherpen,Kjell,Scherpen,Goalkeeper,49.50000000000001,0.0,0.005,0.0,0.0101010101010101,0.0101010101010101,0.0,0.0
565,166.0,0.0,1.0,132.0,5.0,0.26,0.36,4.0,1.0,0.0,4.0,0.0,6.0,5.0,12.0,1.0,3.0,12.0,12.0,3.0,M.Sangaré,Mamadou,Sangaré,Midfielder,71.56626506024097,0.14096385542168677,0.19518072289156627,0.196969696969697,0.2727272727272727,0.46969696969696967,3.0303030303030303,3.0303030303030303
566,180.0,0.0,0.0,116.0,4.0,0.25,0.03,1.0,0.0,0.0,0.0,0.0,2.0,2.0,5.0,2.0,17.0,6.0,6.0,0.0,Silva,António João,Pereira de Albuquerque Tavares da Silva,Defender,58.00000000000001,0.125,0.015,0.21551724137931033,0.02586206896551724,0.2413793103448276,0.8620689655172413,0.0
567,180.0,0.0,0.0,88.0,0.0,0.0,0.0,0.0,0.0,0.0,0.0,0.0,0.0,0.0,9.0,0.0,5.0,0.0,0.0,0.0,Horníček,Lukás,Hornícek,Goalkeeper,44.0,0.0,0.0,0.0,0.0,0.0,0.0,0.0
568,8.0,0.0,0.0,2.0,1.0,0.04,0.0,1.0,0.0,0.0,0.0,0.0,0.0,1.0,0.0,0.0,0.0,0.0,2.0,0.0,Barco,Valentín,Barco,Midfielder,22.5,0.45,0.0,2.0,0.0,2.0,50.0,0.0
569,180.0,1.0,0.0,77.0,8.0,1.0,0.02,6.0,1.0,0.0,0.0,0.0,1.0,0.0,3.0,1.0,1.0,12.0,18.0,3.0,Gonzalo,Gonzalo,García,Forward,38.5,0.5,0.01,1.2987012987012987,0.025974025974025976,1.3246753246753247,7.792207792207792,0.0
570,149.0,0.0,0.0,93.0,3.0,0.18,0.01,3.0,0.0,0.0,0.0,0.0,2.0,1.0,8.0,0.0,2.0,7.0,8.0,1.0,Palacios,César,Palacios,Midfielder,56.1744966442953,0.10872483221476509,0.00604026845637584,0.1935483870967742,0.010752688172043012,0.20430107526881722,3.225806451612903,0.0
572,180.0,0.0,0.0,110.0,0.0,0.0,0.0,0.0,0.0,0.0,0.0,0.0,0.0,0.0,33.0,0.0,0.0,4.0,0.0,0.0,Tzolakis,Konstantinos,Tzolakis,Goalkeeper,55.00000000000001,0.0,0.0,0.0,0.0,0.0,0.0,0.0
573,0.0,0.0,0.0,0.0,0.0,0.0,0.0,0.0,0.0,0.0,0.0,0.0,0.0,0.0,0.0,0.0,0.0,0.0,0.0,0.0,Sanchez,Juanlu,Sánchez,Defender,,,,,,,,
574,0.0,0.0,0.0,0.0,0.0,0.0,0.0,0.0,0.0,0.0,0.0,0.0,0.0,0.0,0.0,0.0,0.0,0.0,0.0,0.0,Hjertø-Dahl,Jens,Hjertø-Dahl,Midfielder,,,,,,,,
575,133.0,0.0,0.0,67.0,2.0,0.03,0.13,1.0,0.0,0.0,1.0,0.0,0.0,0.0,7.0,0.0,3.0,6.0,7.0,1.0,Yirenkyi,Caleb,Yirenkyi,Midfielder,45.338345864661655,0.02030075187969925,0.08796992481203009,0.04477611940298507,0.19402985074626866,0.23880597014925373,1.4925373134328357,1.4925373134328357
576,130.0,0.0,0.0,34.0,3.0,0.01,0.04,1.0,0.0,0.0,0.0,0.0,3.0,2.0,7.0,0.0,1.0,4.0,3.0,0.0,Stroud,Elliot,Stroud,Midfielder,23.53846153846154,0.006923076923076923,0.027692307692307693,0.029411764705882356,0.11764705882352942,0.14705882352941177,2.941176470588235,0.0
577,92.0,0.0,0.0,68.0,1.0,0.0,0.01,0.0,0.0,0.0,0.0,0.0,1.0,4.0,4.0,0.0,4.0,3.0,5.0,0.0,Tomiyasu,Takehiro,Tomiyasu,Defender,66.52173913043478,0.0,0.009782608695652175,0.0,0.014705882352941178,0.014705882352941178,0.0,0.0
579,33.0,0.0,0.0,62.0,0.0,0.0,0.04,0.0,0.0,0.0,0.0,0.0,1.0,0.0,3.0,2.0,2.0,4.0,5.0,0.0,Araujo,Ronald,Araujo,Defender,169.0909090909091,0.0,0.10909090909090909,0.0,0.06451612903225806,0.06451612903225806,0.0,0.0
580,45.0,0.0,0.0,58.0,1.0,0.09,0.03,2.0,0.0,0.0,0.0,0.0,1.0,1.0,3.0,0.0,0.0,2.0,1.0,0.0,Charles,Shea,Charles,Midfielder,116.00000000000001,0.18,0.06,0.15517241379310345,0.05172413793103448,0.20689655172413793,3.4482758620689653,0.0
581,0.0,0.0,0.0,0.0,0.0,0.0,0.0,0.0,0.0,0.0,0.0,0.0,0.0,0.0,0.0,0.0,0.0,0.0,0.0,0.0,Diomande,Ousmane,Diomande,Defender,,,,,,,,
583,43.0,0.0,0.0,22.0,1.0,0.0,0.02,0.0,0.0,0.0,0.0,0.0,1.0,0.0,2.0,0.0,3.0,1.0,2.0,1.0,Chavarria,Pep,Chavarría,Defender,46.04651162790698,0.0,0.04186046511627907,0.0,0.09090909090909091,0.09090909090909091,0.0,0.0
584,27.0,0.0,0.0,23.0,0.0,0.0,0.02,0.0,0.0,0.0,0.0,0.0,0.0,0.0,1.0,0.0,0.0,1.0,5.0,1.0,Hamer,Gustavo,Hamer,Midfielder,76.66666666666667,0.0,0.06666666666666667,0.0,0.08695652173913043,0.08695652173913043,0.0,0.0
585,57.0,0.0,0.0,20.0,0.0,0.0,0.0,0.0,0.0,0.0,0.0,0.0,0.0,0.0,0.0,0.0,5.0,3.0,0.0,0.0,Herrington,Lucas,Herrington,Defender,31.57894736842105,0.0,0.0,0.0,0.0,0.0,0.0,0.0
586,123.0,1.0,0.0,76.0,1.0,0.29000000000000004,0.0,2.0,2.0,0.0,0.0,0.0,2.0,0.0,4.0,3.0,17.0,4.0,4.0,0.0,Mendy,Nobel,Mendy,Defender,55.609756097560975,0.21219512195121953,0.0,0.38157894736842113,0.0,0.38157894736842113,2.631578947368421,0.0
587,0.0,0.0,0.0,0.0,0.0,0.0,0.0,0.0,0.0,0.0,0.0,0.0,0.0,0.0,0.0,0.0,0.0,0.0,0.0,0.0,Rulli,Gerónimo,Rulli,Goalkeeper,,,,,,,,
588,110.0,0.0,0.0,103.0,3.0,0.02,0.16,1.0,0.0,0.0,2.0,0.0,14.0,3.0,8.0,1.0,5.0,20.0,9.0,0.0,Khalaili,Anan,Khalaili,Defender,84.27272727272728,0.016363636363636365,0.13090909090909092,0.01941747572815534,0.15533980582524273,0.17475728155339806,0.9708737864077669,1.9417475728155338
589,45.0,0.0,0.0,26.0,0.0,0.0,0.01,0.0,0.0,0.0,0.0,0.0,3.0,0.0,2.0,1.0,0.0,5.0,4.0,1.0,Gourna-Douath,Lucas,Gourna-Douath,Midfielder,51.99999999999999,0.0,0.02,0.0,0.038461538461538464,0.038461538461538464,0.0,0.0
591,161.0,0.0,2.0,87.0,8.0,0.63,0.62,6.0,1.0,0.0,2.0,0.0,2.0,1.0,12.0,0.0,1.0,13.0,9.0,3.0,Enciso,Julio,Enciso,Midfielder,48.63354037267081,0.3521739130434783,0.34658385093167704,0.7241379310344828,0.7126436781609196,1.4367816091954022,6.896551724137931,2.2988505747126435
592,27.0,0.0,0.0,21.0,0.0,0.0,0.0,0.0,0.0,0.0,1.0,0.0,0.0,0.0,1.0,0.0,2.0,0.0,0.0,0.0,Ouattara,Abdoul,Ouattara,Defender,70.0,0.0,0.0,0.0,0.0,0.0,0.0,4.761904761904762
593,180.0,0.0,1.0,98.0,1.0,0.03,0.06,1.0,0.0,0.0,2.0,0.0,5.0,0.0,7.0,2.0,10.0,11.0,9.0,0.0,Dedić,Amar,Dedic,Defender,48.99999999999999,0.015,0.03,0.030612244897959183,0.061224489795918366,0.09183673469387754,1.0204081632653061,2.0408163265306123
594,10.0,0.0,0.0,5.0,0.0,0.0,0.0,0.0,0.0,0.0,0.0,0.0,0.0,0.0,0.0,0.0,0.0,0.0,1.0,0.0,David,Promise,David,Forward,45.0,0.0,0.0,0.0,0.0,0.0,0.0,0.0
595,22.0,0.0,0.0,9.0,0.0,0.0,0.0,0.0,0.0,0.0,0.0,0.0,1.0,0.0,0.0,0.0,0.0,1.0,5.0,1.0,Gozo,Zavier,Gozo,Midfielder,36.81818181818182,0.0,0.0,0.0,0.0,0.0,0.0,0.0
596,8.0,0.0,0.0,3.0,0.0,0.0,0.0,0.0,0.0,0.0,0.0,0.0,2.0,0.0,0.0,0.0,0.0,2.0,0.0,0.0,Ruggeri,Matteo,Ruggeri,Defender,33.75,0.0,0.0,0.0,0.0,0.0,0.0,0.0
597,90.0,0.0,0.0,36.0,0.0,0.0,0.0,0.0,0.0,0.0,0.0,0.0,0.0,0.0,9.0,0.0,2.0,0.0,0.0,0.0,Suzuki,Zion,Suzuki,Goalkeeper,36.0,0.0,0.0,0.0,0.0,0.0,0.0,0.0
598,56.0,0.0,0.0,52.0,3.0,0.0,0.0,0.0,0.0,0.0,0.0,0.0,1.0,1.0,4.0,1.0,3.0,3.0,4.0,2.0,Elvedi,Nico,Elvedi,Defender,83.57142857142857,0.0,0.0,0.0,0.0,0.0,0.0,0.0
600,28.0,0.0,0.0,33.0,3.0,0.0,0.060000000000000005,0.0,0.0,0.0,1.0,0.0,1.0,0.0,2.0,0.0,0.0,4.0,3.0,0.0,Osman,Ibrahim,Osman,Midfielder,106.07142857142857,0.0,0.19285714285714287,0.0,0.18181818181818185,0.18181818181818185,0.0,3.0303030303030303
601,0.0,0.0,0.0,0.0,0.0,0.0,0.0,0.0,0.0,0.0,0.0,0.0,0.0,0.0,0.0,0.0,0.0,0.0,0.0,0.0,Williams-Barnett,Luca,Williams-Barnett,Midfielder,,,,,,,,
602,0.0,0.0,0.0,0.0,0.0,0.0,0.0,0.0,0.0,0.0,0.0,0.0,0.0,0.0,0.0,0.0,0.0,0.0,0.0,0.0,Humphreys,Cameron,Humphreys,Midfielder,,,,,,,,
603,0.0,0.0,0.0,0.0,0.0,0.0,0.0,0.0,0.0,0.0,0.0,0.0,0.0,0.0,0.0,0.0,0.0,0.0,0.0,0.0,Lienou,Jayden,Lienou,Defender,,,,,,,,
604,0.0,0.0,0.0,0.0,0.0,0.0,0.0,0.0,0.0,0.0,0.0,0.0,0.0,0.0,0.0,0.0,0.0,0.0,0.0,0.0,Cresswell,Alfie,Cresswell,Midfielder,,,,,,,,
605,78.0,1.0,0.0,62.0,6.0,0.7,0.17,2.0,2.0,0.0,1.0,0.0,3.0,0.0,2.0,0.0,2.0,7.0,2.0,0.0,Yalcouyé,Malick,Yalcouyé,Midfielder,71.53846153846153,0.8076923076923076,0.19615384615384618,1.129032258064516,0.2741935483870968,1.403225806451613,3.225806451612903,1.6129032258064515
606,0.0,0.0,0.0,0.0,0.0,0.0,0.0,0.0,0.0,0.0,0.0,0.0,0.0,0.0,0.0,0.0,0.0,0.0,0.0,0.0,Rowe,Triston,Rowe,Defender,,,,,,,,
607,0.0,0.0,0.0,0.0,0.0,0.0,0.0,0.0,0.0,0.0,0.0,0.0,0.0,0.0,0.0,0.0,0.0,0.0,0.0,0.0,Lynch,Luka,Lynch,Midfielder,,,,,,,,
608,15.0,0.0,0.0,9.0,1.0,0.1,0.0,1.0,1.0,0.0,0.0,0.0,0.0,0.0,1.0,0.0,0.0,1.0,0.0,0.0,Jebbison,Daniel,Jebbison,Forward,54.0,0.6000000000000001,0.0,1.1111111111111112,0.0,1.1111111111111112,11.11111111111111,0.0
609,0.0,0.0,0.0,0.0,0.0,0.0,0.0,0.0,0.0,0.0,0.0,0.0,0.0,0.0,0.0,0.0,0.0,0.0,0.0,0.0,Shahar,Leo,Shahar,Defender,,,,,,,,
610,0.0,0.0,0.0,0.0,0.0,0.0,0.0,0.0,0.0,0.0,0.0,0.0,0.0,0.0,0.0,0.0,0.0,0.0,0.0,0.0,De Fougerolles,Luc,De Fougerolles,Defender,,,,,,,,
611,12.0,0.0,0.0,11.0,0.0,0.0,0.0,0.0,0.0,0.0,0.0,0.0,2.0,0.0,0.0,0.0,0.0,2.0,0.0,0.0,Wan-Bissaka,Aaron,Wan-Bissaka,Defender,82.5,0.0,0.0,0.0,0.0,0.0,0.0,0.0
613,0.0,0.0,0.0,0.0,0.0,0.0,0.0,0.0,0.0,0.0,0.0,0.0,0.0,0.0,0.0,0.0,0.0,0.0,0.0,0.0,Ahoka,Jules,Ahoka,Midfielder,,,,,,,,
614,0.0,0.0,0.0,0.0,0.0,0.0,0.0,0.0,0.0,0.0,0.0,0.0,0.0,0.0,0.0,0.0,0.0,0.0,0.0,0.0,Hadjam,Jaouen,Hadjam,Defender,,,,,,,,
615,0.0,0.0,0.0,0.0,0.0,0.0,0.0,0.0,0.0,0.0,0.0,0.0,0.0,0.0,0.0,0.0,0.0,0.0,0.0,0.0,Di Gregorio,Michele,Di Gregorio,Goalkeeper,,,,,,,,
616,8.0,0.0,0.0,23.0,0.0,0.0,0.12,0.0,0.0,0.0,0.0,0.0,0.0,1.0,0.0,0.0,0.0,0.0,0.0,0.0,Bouaddi,Ayyoub,Bouaddi,Midfielder,258.75,0.0,1.3499999999999999,0.0,0.5217391304347826,0.5217391304347826,0.0,0.0
617,7.0,0.0,0.0,4.0,0.0,0.0,0.0,0.0,0.0,0.0,0.0,0.0,0.0,0.0,0.0,0.0,0.0,0.0,1.0,0.0,Cho,Mohamed-Ali,Cho,Midfielder,51.42857142857142,0.0,0.0,0.0,0.0,0.0,0.0,0.0
619,28.0,0.0,0.0,36.0,1.0,0.0,0.01,0.0,0.0,0.0,1.0,0.0,1.0,2.0,3.0,0.0,0.0,3.0,2.0,0.0,Palacios,Exequiel,Palacios,Midfielder,115.71428571428572,0.0,0.03214285714285714,0.0,0.027777777777777776,0.027777777777777776,0.0,2.7777777777777777
620,0.0,0.0,0.0,0.0,0.0,0.0,0.0,0.0,0.0,0.0,0.0,0.0,0.0,0.0,0.0,0.0,0.0,0.0,0.0,0.0,Diouf,El Hadji Malick,Diouf,Defender,,,,,,,,
621,8.0,0.0,0.0,7.0,0.0,0.1,0.0,1.0,0.0,0.0,0.0,0.0,0.0,0.0,0.0,0.0,0.0,1.0,0.0,0.0,McAidoo,Ryan,McAidoo,Midfielder,78.75,1.125,0.0,1.4285714285714286,0.0,1.4285714285714286,14.285714285714285,0.0
622,1.0,0.0,0.0,10.0,0.0,0.0,0.0,0.0,0.0,0.0,0.0,0.0,0.0,0.0,1.0,0.0,0.0,0.0,0.0,0.0,Braithwaite,Kaden,Braithwaite,Defender,900.0,0.0,0.0,0.0,0.0,0.0,0.0,0.0
623,0.0,0.0,0.0,0.0,0.0,0.0,0.0,0.0,0.0,0.0,0.0,0.0,0.0,0.0,0.0,0.0,0.0,0.0,0.0,0.0,Bentley,Dan,Bentley,Goalkeeper,,,,,,,,
624,0.0,0.0,0.0,0.0,0.0,0.0,0.0,0.0,0.0,0.0,0.0,0.0,0.0,0.0,0.0,0.0,0.0,0.0,0.0,0.0,Cozier-Duberry,Amario,Cozier-Duberry,Midfielder,,,,,,,,
625,0.0,0.0,0.0,0.0,0.0,0.0,0.0,0.0,0.0,0.0,0.0,0.0,0.0,0.0,0.0,0.0,0.0,0.0,0.0,0.0,Cairns,Alex,Cairns,Goalkeeper,,,,,,,,
626,0.0,0.0,0.0,0.0,0.0,0.0,0.0,0.0,0.0,0.0,0.0,0.0,0.0,0.0,0.0,0.0,0.0,0.0,0.0,0.0,Zepa,Macauley,Zepa,Midfielder,,,,,,,,
